name,price,images,category,source_url,description
ارز بسمتي حمودة العجاوي 5 كغم,30.00,https://storage.googleapis.com/download/storage/v1/b/biddimarket-assets/o/110130-unnamed%20(19).jpg?generation=1768743734187440&alt=media,عروض,https://biddimarket.ps/orders/category/أرز/product/110130,
بندورة توماديني حبة كاملة ومقشرة 400غم,3.00,https://storage.googleapis.com/download/storage/v1/b/biddimarket-assets/o/110244-39398488-83f6-47f8-bd4d-05c17fda5183.png?generation=1783866066986403&alt=media,عروض,https://biddimarket.ps/orders/category/معلبات-مشكلة-ومخللات/product/110244,
مشروم مقطع ابو غربية 400 غم ( 3 ب10),3.33,https://storage.googleapis.com/download/storage/v1/b/biddimarket-assets/o/110364-aa58c64e-05e7-4930-a001-133fc64e288c.png?generation=1783866260420697&alt=media,عروض,https://biddimarket.ps/orders/category/معلبات-مشكلة-ومخللات/product/110364,
مخلل خيار بالملح لزيزة 18_25,6.00,https://storage.googleapis.com/download/storage/v1/b/biddimarket-assets/o/110473-93f20773-9d3d-40fb-b69e-ebae59374dec.png?generation=1783870695507495&alt=media,عروض,https://biddimarket.ps/orders/category/معلبات-مشكلة-ومخللات/product/110473,
سلطة زيتون شرائح درة 675غم,13.00,https://storage.googleapis.com/download/storage/v1/b/biddimarket-assets/o/110489-0876eda6-4d39-4f21-8e93-baa38804a00f.png?generation=1768932208490185&alt=media,عروض,https://biddimarket.ps/orders/category/معلبات-مشكلة-ومخللات/product/110489,
فطر مقطع بوادي 400غم,2.00,https://storage.googleapis.com/download/storage/v1/b/biddimarket-assets/o/110499-ff5154ec-981b-4d0e-9808-015117b236e5.png?generation=1770049517030269&alt=media,عروض,https://biddimarket.ps/orders/category/معلبات-مشكلة-ومخللات/product/110499,
حمص حب بوادي 400غم,2.00,https://storage.googleapis.com/download/storage/v1/b/biddimarket-assets/o/110500-80601d99-1515-43dc-94a5-459146766fdd.png?generation=1770049466872830&alt=media,عروض,https://biddimarket.ps/orders/category/معلبات-مشكلة-ومخللات/product/110500,
فاصولياء بيضاء بوادي 400غم,2.00,https://storage.googleapis.com/download/storage/v1/b/biddimarket-assets/o/110501-c2dfa7ef-4a08-43d7-bc78-6c628b9bc70e.png?generation=1770049133568286&alt=media,عروض,https://biddimarket.ps/orders/category/معلبات-مشكلة-ومخللات/product/110501,
بازيلاء البوادي 400غم,2.00,https://storage.googleapis.com/download/storage/v1/b/biddimarket-assets/o/110502-57d97479-52a2-41df-8410-7bc59412b899.png?generation=1770049305298536&alt=media,عروض,https://biddimarket.ps/orders/category/معلبات-مشكلة-ومخللات/product/110502,
صلصة بندورة جولدن شيف 580غم,5.00,https://storage.googleapis.com/download/storage/v1/b/biddimarket-assets/o/110505-8f9dcf8c-7add-4fb2-a312-5ba1698d2026.png?generation=1770128720809494&alt=media,عروض,https://biddimarket.ps/orders/category/معلبات-مشكلة-ومخللات/product/110505,
فطر مقطع جرين جاردين 400غم( 3 ب 10),3.33,https://storage.googleapis.com/download/storage/v1/b/biddimarket-assets/o/110510-10b7ca0b-8a6e-4b6a-87f4-2020614855f2.png?generation=1785849511832428&alt=media,عروض,https://biddimarket.ps/orders/category/معلبات-مشكلة-ومخللات/product/110510,
فول علب سليمة 400غم (7 ب10),1.43,https://storage.googleapis.com/download/storage/v1/b/biddimarket-assets/o/110512-65ed1e30-c0a9-4d94-a447-f39160e51772.png?generation=1785774570745317&alt=media,عروض,https://biddimarket.ps/orders/category/معلبات-مشكلة-ومخللات/product/110512,
معكرونة مجدولة ايطاليانو 400غم,2.50,https://storage.googleapis.com/download/storage/v1/b/biddimarket-assets/o/1290112-0f096403-5f88-4cf4-aa71-d54981ea2dc1.png?generation=1785944292509141&alt=media,عروض,https://biddimarket.ps/orders/category/معكرونة/product/1290112,
معكرونة عود ايطاليانو 400غم,2.50,https://storage.googleapis.com/download/storage/v1/b/biddimarket-assets/o/1290113-c915e959-382f-4746-bd8b-8e033b7f793e.png?generation=1785944864038398&alt=media,عروض,https://biddimarket.ps/orders/category/معكرونة/product/1290113,
معكرونة اشكال وشعيرية الطاحونة 200غم (10ب10),1.00,https://storage.googleapis.com/download/storage/v1/b/biddimarket-assets/o/1290117-4c6c61d1-0403-4c0e-adca-6d6a0e4b07a3.png?generation=1769879160253714&alt=media,عروض,https://biddimarket.ps/orders/category/معكرونة/product/1290117,
معكرونة فوتتشيني اربيلا 400غم,5.00,https://storage.googleapis.com/download/storage/v1/b/biddimarket-assets/o/1290134-bf92699c-f2bf-4956-b3db-0253541d4efd.png?generation=1770731258241979&alt=media,عروض,https://biddimarket.ps/orders/category/معكرونة/product/1290134,
شيبس مستر بوتيتو اصابع شطة وليمون 80غم,3.33,https://storage.googleapis.com/download/storage/v1/b/biddimarket-assets/o/1430159-ccee28d3-2187-4c95-bb34-7fb4b7b63b7e.png?generation=1780321700101850&alt=media,عروض,https://biddimarket.ps/orders/category/بطاطا-وبيسلي-مشكل/product/1430159,
رقائق بطاطا بالخل والملح شيبسو 40غم,2.50,https://storage.googleapis.com/download/storage/v1/b/biddimarket-assets/o/1430162-f1b1cd7a-5a8b-4392-aa16-1c55562dd238.png?generation=1785782536069173&alt=media,عروض,https://biddimarket.ps/orders/category/بطاطا-وبيسلي-مشكل/product/1430162,
معكرونة صدف ابو تاج 400 غم,2.00,https://storage.googleapis.com/download/storage/v1/b/biddimarket-assets/o/1290082-9b6c3e7a-59db-49a6-ba91-20151e66209c.png?generation=1783871517696200&alt=media,عروض,https://biddimarket.ps/orders/category/معكرونة/product/1290082,
معكرونة بسلي ايطاليانو 400غم,2.50,https://storage.googleapis.com/download/storage/v1/b/biddimarket-assets/o/1290107-2419ed08-665e-4095-b24e-8ddfba1b53ff.png?generation=1785944747142828&alt=media,عروض,https://biddimarket.ps/orders/category/معكرونة/product/1290107,
شعيرية ايطاليانو 400غم,2.50,https://storage.googleapis.com/download/storage/v1/b/biddimarket-assets/o/1290109-7415a637-3efe-4345-b1bb-069a42d9f50a.png?generation=1768931243166098&alt=media,عروض,https://biddimarket.ps/orders/category/معكرونة/product/1290109,
متة سورية الاصلية 250غم,9.00,https://storage.googleapis.com/download/storage/v1/b/biddimarket-assets/o/670173-7beeb232-01c6-4264-ba4b-e41505c7ed85.png?generation=1785776462721604&alt=media,عروض,https://biddimarket.ps/orders/category/قهوة-شاي-نسكافية/product/670173,
شاي سليمة 100 كيس 200غم,6.00,https://storage.googleapis.com/download/storage/v1/b/biddimarket-assets/o/670197-57a1508c-fd90-49c4-9341-ca16b79d2a04.png?generation=1783871853206950&alt=media,عروض,https://biddimarket.ps/orders/category/قهوة-شاي-نسكافية/product/670197,
حمص حب النصر 1 كيلو,6.00,https://storage.googleapis.com/download/storage/v1/b/biddimarket-assets/o/690047-0abe929e-114e-462d-9b3a-d835a664e748.png?generation=1783868066455585&alt=media,عروض,https://biddimarket.ps/orders/category/حبوب-وبقوليات/product/690047,
برغل ناعم النصر 1 كيلو,3.33,https://storage.googleapis.com/download/storage/v1/b/biddimarket-assets/o/690050-73144cc9-d6eb-4990-bb37-e947f7393b4f.png?generation=1783872254106075&alt=media,عروض,https://biddimarket.ps/orders/category/حبوب-وبقوليات/product/690050,
ارز بسمتي الموسم 1 كغم,7.50,https://storage.googleapis.com/download/storage/v1/b/biddimarket-assets/o/700043-unnamed%20(24).jpg?generation=1768744572782656&alt=media,عروض,https://biddimarket.ps/orders/category/أرز/product/700043,
ارز حمودة العجاوي حبة قصيرة 5 كيلو,30.00,https://storage.googleapis.com/download/storage/v1/b/biddimarket-assets/o/700044-unnamed%20(45).jpg?generation=1768745478587968&alt=media,عروض,https://biddimarket.ps/orders/category/أرز/product/700044,
ارز بسمتي لمرضى السكري ليتل انديا 5 كيلو,35.00,https://storage.googleapis.com/download/storage/v1/b/biddimarket-assets/o/700051-d4494620-d59a-4620-814b-d522b604213b.png?generation=1768487260516907&alt=media,عروض,https://biddimarket.ps/orders/category/أرز/product/700051,
رز تايجر متوسط الحبة 1 كيلو,8.00,https://storage.googleapis.com/download/storage/v1/b/biddimarket-assets/o/700058-ee26419e-10b4-434a-84de-359a69424524.png?generation=1783559034793190&alt=media,عروض,https://biddimarket.ps/orders/category/أرز/product/700058,
عصير ليمون مركز ابو تاج 1لتر,3.00,https://storage.googleapis.com/download/storage/v1/b/biddimarket-assets/o/720125-bccd6bfb-8a17-41b5-a290-ed40761320a9.png?generation=1785775190515332&alt=media,عروض,https://biddimarket.ps/orders/category/شوربات-وصوصات/product/720125,
بيتي بير بالحليب اوليوم 500غم(3 ب10),3.33,https://storage.googleapis.com/download/storage/v1/b/biddimarket-assets/o/630056-51314bf1-898a-4a79-aed8-875f86097f79.png?generation=1785265385042210&alt=media,عروض,https://biddimarket.ps/orders/category/بسكويت/product/630056,
بيتي بير كاكاو دادس 300غم,2.50,https://storage.googleapis.com/download/storage/v1/b/biddimarket-assets/o/630058-8a885bdd-9ce6-4cfa-b8f1-0b6d4a262c99.png?generation=1769533932896969&alt=media,عروض,https://biddimarket.ps/orders/category/بسكويت/product/630058,
بيتي بير بالحليب فينجر 400غم,2.50,https://storage.googleapis.com/download/storage/v1/b/biddimarket-assets/o/630059-e0a5b99f-803e-4db4-a474-4c3e452180e9.png?generation=1769537882995988&alt=media,عروض,https://biddimarket.ps/orders/category/بسكويت/product/630059,
مسحوق غسيل ايريال تركي 3 كيلو,25.00,https://storage.googleapis.com/download/storage/v1/b/biddimarket-assets/o/380061-b5a4dbec-c22e-4d2f-8bcb-2e39844e1ea0.png?generation=1785348798876654&alt=media,عروض,https://biddimarket.ps/orders/category/مسحوق-وسائل-غسيل/product/380061,
شامبو جلنت للشعر 2 لتر اخضر,12.00,https://storage.googleapis.com/download/storage/v1/b/biddimarket-assets/o/430007-3a097633-befa-459f-83a1-b3128e1a75b3.png?generation=1785593108083927&alt=media,عروض,https://biddimarket.ps/orders/category/شامبو-شعر/product/430007,
شامبو جلنت للشعر زهري 2 لتر,12.00,https://storage.googleapis.com/download/storage/v1/b/biddimarket-assets/o/430023-f021306f-5c0e-48aa-a66a-29834b12dca8.png?generation=1785593395200913&alt=media,عروض,https://biddimarket.ps/orders/category/شامبو-شعر/product/430023,
شامبو جلنت للشعر اصفر 2لتر,12.00,https://storage.googleapis.com/download/storage/v1/b/biddimarket-assets/o/430028-4c324c2f-5b38-483d-8e97-50caad5c0e89.png?generation=1785593490936687&alt=media,عروض,https://biddimarket.ps/orders/category/شامبو-شعر/product/430028,
علبة مماسح 30*30 الكرم 25 قطعة,15.00,https://storage.googleapis.com/download/storage/v1/b/biddimarket-assets/o/350021-e3dbc7e3-682c-4ea0-9b88-a8ab53c5827c.png?generation=1786206467089484&alt=media,عروض,https://biddimarket.ps/orders/category/مماسح/product/350021,
مماسح ارضيات الكرم,3.33,https://storage.googleapis.com/download/storage/v1/b/biddimarket-assets/o/350022-e2c52a92-6c61-4690-8298-3496406c7c0c.png?generation=1785480847544438&alt=media,عروض,https://biddimarket.ps/orders/category/مماسح/product/350022,
فوط غبرة الكرم 3 قطع,3.33,https://storage.googleapis.com/download/storage/v1/b/biddimarket-assets/o/350023-7e3fae53-1c9a-45eb-807a-3623c3e4c477.png?generation=1785480950823011&alt=media,عروض,https://biddimarket.ps/orders/category/مماسح/product/350023,
مماسح سيارات الكرم 3 قطع,3.33,https://storage.googleapis.com/download/storage/v1/b/biddimarket-assets/o/350024-81dcf2f8-8280-40c4-a415-c79a66316d65.png?generation=1785481079190278&alt=media,عروض,https://biddimarket.ps/orders/category/مماسح/product/350024,
منظف اسطح لويال احمر 800 مل,8.00,https://storage.googleapis.com/download/storage/v1/b/biddimarket-assets/o/370028-a29f6efa-6ae2-4869-a08f-a1d02e348683.png?generation=1785337545869719&alt=media,عروض,https://biddimarket.ps/orders/category/منظف-اسطح/product/370028,
منظف اسطح لويال اصفر 800 مل,8.00,https://storage.googleapis.com/download/storage/v1/b/biddimarket-assets/o/370029-8a7e9629-5f85-4a8f-9866-cce4bd98174d.png?generation=1785337689878246&alt=media,عروض,https://biddimarket.ps/orders/category/منظف-اسطح/product/370029,
منظف اسطح لويال برتقالي 800مل,8.00,https://storage.googleapis.com/download/storage/v1/b/biddimarket-assets/o/370030-c842bf59-e9ad-4733-ade2-513ea4e1a9e4.png?generation=1785337804957042&alt=media,عروض,https://biddimarket.ps/orders/category/منظف-اسطح/product/370030,
منظف اسطح لويال اخضر 800مل,8.00,https://storage.googleapis.com/download/storage/v1/b/biddimarket-assets/o/370034-6b40a851-b626-4db9-84ad-00378ad70d14.png?generation=1785338048792996&alt=media,عروض,https://biddimarket.ps/orders/category/منظف-اسطح/product/370034,
مزيل دهون شامل برائحة اللافندر كليمانس 750مل,8.00,https://storage.googleapis.com/download/storage/v1/b/biddimarket-assets/o/370043-d14bed26-cfa5-42a4-a492-8dc9e99c37ba.png?generation=1785338631239181&alt=media,عروض,https://biddimarket.ps/orders/category/منظف-اسطح/product/370043,
محارم معطرة ديلوكس 8 بكيتات مني,4.00,https://storage.googleapis.com/download/storage/v1/b/biddimarket-assets/o/830023-92e8888e-f8fa-41ee-b99e-9afa4f35773e.png?generation=1785078212197588&alt=media,عروض,https://biddimarket.ps/orders/category/محارم-معطرة/product/830023,
عرض كبسولات كوانتم 40حبة مع زيت ملمع سمارت,25.00,https://storage.googleapis.com/download/storage/v1/b/biddimarket-assets/o/920040-de12407e-2084-4523-bfe6-2cb4cd099d25.png?generation=1785487777381869&alt=media,عروض,https://biddimarket.ps/orders/category/سوائل-واقراص-جلي/product/920040,
معطر غسيل ابريل ابيض 1 لتر,8.00,https://storage.googleapis.com/download/storage/v1/b/biddimarket-assets/o/930063-c32e76e8-79dc-40d3-a8b9-a10cc645ffa7.png?generation=1785353328473212&alt=media,عروض,https://biddimarket.ps/orders/category/معطر-مطري-غسيل/product/930063,
معطر غسيل ابريل اخضر 1 لتر,8.00,https://storage.googleapis.com/download/storage/v1/b/biddimarket-assets/o/930064-16599fce-c077-4d41-a4da-1c7be3859899.png?generation=1785353484199235&alt=media,عروض,https://biddimarket.ps/orders/category/معطر-مطري-غسيل/product/930064,
بندورة حب 1 كيلو,5.00,https://storage.googleapis.com/download/storage/v1/b/biddimarket-assets/o/1480001-1480001-ai-optimized.png?generation=1768136444176946&alt=media,خضار و فواكة,https://biddimarket.ps/orders/category/خضراوات/product/1480001,
بندورة شيري بلحية 1 كيلو,15.00,https://storage.googleapis.com/download/storage/v1/b/biddimarket-assets/o/1480002-1480002-ai-optimized.png?generation=1768136645623793&alt=media,خضار و فواكة,https://biddimarket.ps/orders/category/خضراوات/product/1480002,
خيار 1 كيلو,4.00,https://storage.googleapis.com/download/storage/v1/b/biddimarket-assets/o/1480003-1480003-ai-optimized.png?generation=1768136794176743&alt=media,خضار و فواكة,https://biddimarket.ps/orders/category/خضراوات/product/1480003,
ليمون 1 كيلو,6.00,https://storage.googleapis.com/download/storage/v1/b/biddimarket-assets/o/1480005-1480005-ai-optimized.png?generation=1768136916641640&alt=media,خضار و فواكة,https://biddimarket.ps/orders/category/خضراوات/product/1480005,
بطاطا بلدية 1 كيلو,5.00,https://storage.googleapis.com/download/storage/v1/b/biddimarket-assets/o/1480006-1480006-ai-optimized.png?generation=1768511170559053&alt=media,خضار و فواكة,https://biddimarket.ps/orders/category/خضراوات/product/1480006,
بطاطا كيس احمر 4 كيلو,13.00,https://storage.googleapis.com/download/storage/v1/b/biddimarket-assets/o/1480007-1480007-ai-optimized.png?generation=1768137684978584&alt=media,خضار و فواكة,https://biddimarket.ps/orders/category/خضراوات/product/1480007,
بطاطا كيس ابيض 4 كيلو,12.00,https://storage.googleapis.com/download/storage/v1/b/biddimarket-assets/o/1480008-1480008-ai-optimized.png?generation=1768137770671869&alt=media,خضار و فواكة,https://biddimarket.ps/orders/category/خضراوات/product/1480008,
بطاطا حلوة 1 كيلو حجم كبير,8.00,https://storage.googleapis.com/download/storage/v1/b/biddimarket-assets/o/1480009-1480009-ai-optimized.png?generation=1768138010772009&alt=media,خضار و فواكة,https://biddimarket.ps/orders/category/خضراوات/product/1480009,
فلفل حار 500غم,4.00,https://storage.googleapis.com/download/storage/v1/b/biddimarket-assets/o/1480010-1480010-ai-optimized.png?generation=1768138080109821&alt=media,خضار و فواكة,https://biddimarket.ps/orders/category/خضراوات/product/1480010,
فليفلة اخضر 1 كيلو,7.00,https://storage.googleapis.com/download/storage/v1/b/biddimarket-assets/o/1480011-IMG_5544-no-bg.png?generation=1734358079360601&alt=media,خضار و فواكة,https://biddimarket.ps/orders/category/خضراوات/product/1480011,
فليفلة الوان 1 كيلو,8.00,https://storage.googleapis.com/download/storage/v1/b/biddimarket-assets/o/1480012-1480012-ai-optimized.png?generation=1768140002985975&alt=media,خضار و فواكة,https://biddimarket.ps/orders/category/خضراوات/product/1480012,
بصل عادي 1 كيلو,4.00,https://storage.googleapis.com/download/storage/v1/b/biddimarket-assets/o/1480013-IMG_E4467-no-bg.png?generation=1733841796218922&alt=media,خضار و فواكة,https://biddimarket.ps/orders/category/خضراوات/product/1480013,
بصل اخضر ربطة,5.00,https://storage.googleapis.com/download/storage/v1/b/biddimarket-assets/o/1480014-1480014-ai-optimized.png?generation=1768140043175467&alt=media,خضار و فواكة,https://biddimarket.ps/orders/category/خضراوات/product/1480014,
ثوم بلدي 500غم,8.00,https://storage.googleapis.com/download/storage/v1/b/biddimarket-assets/o/1480015-1480015-ai-optimized.png?generation=1768328639031645&alt=media,خضار و فواكة,https://biddimarket.ps/orders/category/خضراوات/product/1480015,
ثوم كيس,3.00,https://storage.googleapis.com/download/storage/v1/b/biddimarket-assets/o/1480016-1480016-ai-optimized.png?generation=1768328393823512&alt=media,خضار و فواكة,https://biddimarket.ps/orders/category/خضراوات/product/1480016,
زهرة حبة,8.00,https://storage.googleapis.com/download/storage/v1/b/biddimarket-assets/o/1480017-1480017-ai-optimized.png?generation=1768328438266819&alt=media,خضار و فواكة,https://biddimarket.ps/orders/category/خضراوات/product/1480017,
كوسا حجم صغير 1 كيلو,7.00,https://storage.googleapis.com/download/storage/v1/b/biddimarket-assets/o/1480018-1480018-ai-optimized.png?generation=1772656597271144&alt=media,خضار و فواكة,https://biddimarket.ps/orders/category/خضراوات/product/1480018,
باذنجان صغير للكبيس 1 كيلو,5.00,https://storage.googleapis.com/download/storage/v1/b/biddimarket-assets/o/1480024-1480024-ai-optimized.png?generation=1768003595583990&alt=media,خضار و فواكة,https://biddimarket.ps/orders/category/خضراوات/product/1480024,
افوكادو خشن 1 كيلو,23.00,https://storage.googleapis.com/download/storage/v1/b/biddimarket-assets/o/1480028-1480028-ai-optimized.png?generation=1768328989539516&alt=media,خضار و فواكة,https://biddimarket.ps/orders/category/خضراوات/product/1480028,
نعنع ضمة,1.00,https://storage.googleapis.com/download/storage/v1/b/biddimarket-assets/o/1480036-IMG_E4416-no-bg.png?generation=1733842152575518&alt=media,خضار و فواكة,https://biddimarket.ps/orders/category/خضراوات/product/1480036,
جرجير ضمة,1.50,https://storage.googleapis.com/download/storage/v1/b/biddimarket-assets/o/1480037-IMG_E4417-no-bg.png?generation=1733842169756899&alt=media,خضار و فواكة,https://biddimarket.ps/orders/category/خضراوات/product/1480037,
كزبرة ضمة,3.00,https://storage.googleapis.com/download/storage/v1/b/biddimarket-assets/o/1480038-IMG_E4415-no-bg.png?generation=1733842196631530&alt=media,خضار و فواكة,https://biddimarket.ps/orders/category/خضراوات/product/1480038,
فاصولياء خضراء 500غم,7.00,https://storage.googleapis.com/download/storage/v1/b/biddimarket-assets/o/1480044-IMG_E4432-no-bg.png?generation=1733842236597400&alt=media,خضار و فواكة,https://biddimarket.ps/orders/category/خضراوات/product/1480044,
فاصولياء صفراء 500 غم,8.00,https://storage.googleapis.com/download/storage/v1/b/biddimarket-assets/o/1480045-IMG_E4429-no-bg.png?generation=1733842246386761&alt=media,خضار و فواكة,https://biddimarket.ps/orders/category/خضراوات/product/1480045,
ذرة 1 كيلو,7.00,https://storage.googleapis.com/download/storage/v1/b/biddimarket-assets/o/1480050-IMG_5550-no-bg.png?generation=1734358114535581&alt=media,خضار و فواكة,https://biddimarket.ps/orders/category/خضراوات/product/1480050,
شومر 1 كيلو,9.00,https://storage.googleapis.com/download/storage/v1/b/biddimarket-assets/o/1480051-IMG_E4428-no-bg.png?generation=1733842274193225&alt=media,خضار و فواكة,https://biddimarket.ps/orders/category/خضراوات/product/1480051,
يقطين 1 كيلو,10.00,https://storage.googleapis.com/download/storage/v1/b/biddimarket-assets/o/1480052-IMG_5553-no-bg.png?generation=1734358122189705&alt=media,خضار و فواكة,https://biddimarket.ps/orders/category/خضراوات/product/1480052,
بندورة قطوف 1 كيلو,5.00,https://storage.googleapis.com/download/storage/v1/b/biddimarket-assets/o/1480054-IMG_5547-no-bg.png?generation=1734358132410737&alt=media,خضار و فواكة,https://biddimarket.ps/orders/category/خضراوات/product/1480054,
بندورة شيري دائرية 1 كيلو,10.00,https://storage.googleapis.com/download/storage/v1/b/biddimarket-assets/o/1480056-1480056-ai-optimized.png?generation=1768139850241974&alt=media,خضار و فواكة,https://biddimarket.ps/orders/category/خضراوات/product/1480056,
زنجبيل اخضر 500غم,12.50,https://storage.googleapis.com/download/storage/v1/b/biddimarket-assets/o/1480061-IMG_5546-no-bg.png?generation=1734368033546112&alt=media,خضار و فواكة,https://biddimarket.ps/orders/category/خضراوات/product/1480061,
بروكلي علبة,10.00,https://storage.googleapis.com/download/storage/v1/b/biddimarket-assets/o/1480062-1480062-ai-optimized.png?generation=1768328590255519&alt=media,خضار و فواكة,https://biddimarket.ps/orders/category/خضراوات/product/1480062,
بصل هندي 1 كيلو,5.00,https://storage.googleapis.com/download/storage/v1/b/biddimarket-assets/o/1480063-1480063-ai-optimized.png?generation=1772655832250337&alt=media,خضار و فواكة,https://biddimarket.ps/orders/category/خضراوات/product/1480063,
سيرلي كرافس 1 كيلو,7.00,https://storage.googleapis.com/download/storage/v1/b/biddimarket-assets/o/1480066-1480066-ai-optimized.png?generation=1772656653233056&alt=media,خضار و فواكة,https://biddimarket.ps/orders/category/خضراوات/product/1480066,
كيلورابي 1 كيلو,10.00,https://storage.googleapis.com/download/storage/v1/b/biddimarket-assets/o/1480067-1480067-ai-optimized.png?generation=1772656245903262&alt=media,خضار و فواكة,https://biddimarket.ps/orders/category/خضراوات/product/1480067,
قرع اصفر 1كيلو,7.00,https://storage.googleapis.com/download/storage/v1/b/biddimarket-assets/o/1480068-1480068-ai-optimized.png?generation=1772656823049422&alt=media,خضار و فواكة,https://biddimarket.ps/orders/category/خضراوات/product/1480068,
فجل مبكت,5.00,https://storage.googleapis.com/download/storage/v1/b/biddimarket-assets/o/1480069-1480069-ai-optimized.png?generation=1772656999418806&alt=media,خضار و فواكة,https://biddimarket.ps/orders/category/خضراوات/product/1480069,
شمندر 1 كيلو,5.00,https://storage.googleapis.com/download/storage/v1/b/biddimarket-assets/o/1480070-1480070-ai-optimized.png?generation=1772656371165201&alt=media,خضار و فواكة,https://biddimarket.ps/orders/category/خضراوات/product/1480070,
علبة لب خس,10.00,https://storage.googleapis.com/download/storage/v1/b/biddimarket-assets/o/1480071-1480071-ai-optimized.png?generation=1772657149274120&alt=media,خضار و فواكة,https://biddimarket.ps/orders/category/خضراوات/product/1480071,
علبة فلفل بيبي حلو,8.00,https://storage.googleapis.com/download/storage/v1/b/biddimarket-assets/o/1480073-1480073-ai-optimized.png?generation=1772657534091034&alt=media,خضار و فواكة,https://biddimarket.ps/orders/category/خضراوات/product/1480073,
علبة ثوم مقشر 1 كيلو,20.00,https://storage.googleapis.com/download/storage/v1/b/biddimarket-assets/o/1480074-1480074-ai-optimized.png?generation=1772656293802675&alt=media,خضار و فواكة,https://biddimarket.ps/orders/category/خضراوات/product/1480074,
فطر حبة كبيرة ابيض 500 غم,22.00,https://storage.googleapis.com/download/storage/v1/b/biddimarket-assets/o/1480079-1480079-ai-optimized.png?generation=1768511242825503&alt=media,خضار و فواكة,https://biddimarket.ps/orders/category/خضراوات/product/1480079,
علبة خس ليلك (برغر),12.00,https://storage.googleapis.com/download/storage/v1/b/biddimarket-assets/o/1480084-1480084-ai-optimized.png?generation=1772657184721694&alt=media,خضار و فواكة,https://biddimarket.ps/orders/category/خضراوات/product/1480084,
علبة ذرة مبكت,15.00,https://storage.googleapis.com/download/storage/v1/b/biddimarket-assets/o/1480085-1480085-ai-optimized.png?generation=1772657038676037&alt=media,خضار و فواكة,https://biddimarket.ps/orders/category/خضراوات/product/1480085,
كيس جزر بيبي,7.00,https://storage.googleapis.com/download/storage/v1/b/biddimarket-assets/o/1480086-1480086-ai-optimized.png?generation=1772657606671460&alt=media,خضار و فواكة,https://biddimarket.ps/orders/category/خضراوات/product/1480086,
كيس بطاطا بيبي,12.00,https://storage.googleapis.com/download/storage/v1/b/biddimarket-assets/o/1480087-1480087-ai-optimized.png?generation=1772657641680695&alt=media,خضار و فواكة,https://biddimarket.ps/orders/category/خضراوات/product/1480087,
علبة روزماري,6.00,https://storage.googleapis.com/download/storage/v1/b/biddimarket-assets/o/1480088-1480088-ai-optimized.png?generation=1772657319133593&alt=media,خضار و فواكة,https://biddimarket.ps/orders/category/خضراوات/product/1480088,
علبة اعشاب طعام,18.00,https://storage.googleapis.com/download/storage/v1/b/biddimarket-assets/o/1480089-1480089-ai-optimized.png?generation=1772657444391844&alt=media,خضار و فواكة,https://biddimarket.ps/orders/category/خضراوات/product/1480089,
علبة مسفلورة,23.00,https://storage.googleapis.com/download/storage/v1/b/biddimarket-assets/o/1480092-1480092-ai-optimized.png?generation=1772657357000780&alt=media,خضار و فواكة,https://biddimarket.ps/orders/category/خضراوات/product/1480092,
تفاح مشكل جولاني 1 كيلو,12.00,https://storage.googleapis.com/download/storage/v1/b/biddimarket-assets/o/1550001-1550001-ai-optimized.png?generation=1768329120745167&alt=media,خضار و فواكة,https://biddimarket.ps/orders/category/فواكة/product/1550001,
تفاح احمر 1 كيلو,12.00,https://storage.googleapis.com/download/storage/v1/b/biddimarket-assets/o/1550002-1550002-ai-optimized.png?generation=1768329156909564&alt=media,خضار و فواكة,https://biddimarket.ps/orders/category/فواكة/product/1550002,
زيتون اخضر مع عجم عيدن 560غم,6.00,https://storage.googleapis.com/download/storage/v1/b/biddimarket-assets/o/10299-IMG_6774-no-bg.png?generation=1736340855977882&alt=media,مواد تموينية,https://biddimarket.ps/orders/category/معلبات-مشكلة-ومخللات/product/10299,
مبيض مارينا 400 غم,13.00,https://storage.googleapis.com/download/storage/v1/b/biddimarket-assets/o/10339-IMG_E1379-no-bg.png?generation=1728386075144934&alt=media,مواد تموينية,https://biddimarket.ps/orders/category/قهوة-شاي-نسكافية/product/10339,
روح الخل 250 مل الشيخ قاسم,5.00,https://storage.googleapis.com/download/storage/v1/b/biddimarket-assets/o/10523-IMG_E2933-no-bg.png?generation=1730983259254384&alt=media,مواد تموينية,https://biddimarket.ps/orders/category/شوربات-وصوصات/product/10523,
مخلل خيار بالخل 7_9 زيتا,4.00,https://storage.googleapis.com/download/storage/v1/b/biddimarket-assets/o/110007-IMG_4670-no-bg.png?generation=1733838399824578&alt=media,مواد تموينية,https://biddimarket.ps/orders/category/معلبات-مشكلة-ومخللات/product/110007,
صلصة بندورة زيتا 2.5 كغم,23.00,https://storage.googleapis.com/download/storage/v1/b/biddimarket-assets/o/110134-IMG_E0962-no-bg.png?generation=1730984102507601&alt=media,مواد تموينية,https://biddimarket.ps/orders/category/معلبات-مشكلة-ومخللات/product/110134,
مخلل خيار زيتا 30/36 بالملح,15.00,https://storage.googleapis.com/download/storage/v1/b/biddimarket-assets/o/110160-IMG_4648-no-bg.png?generation=1733838892674511&alt=media,مواد تموينية,https://biddimarket.ps/orders/category/معلبات-مشكلة-ومخللات/product/110160,
كاتشب هاينز 910 غم,16.00,https://storage.googleapis.com/download/storage/v1/b/biddimarket-assets/o/110169-IMG_5841-no-bg.png?generation=1735218482459024&alt=media,مواد تموينية,https://biddimarket.ps/orders/category/شوربات-وصوصات/product/110169,
مايونيز حار هاينز 225مل,10.00,https://storage.googleapis.com/download/storage/v1/b/biddimarket-assets/o/110179-IMG_E2906-no-bg.png?generation=1730984194804442&alt=media,مواد تموينية,https://biddimarket.ps/orders/category/شوربات-وصوصات/product/110179,
ماء الزهر الزهراء,5.00,https://storage.googleapis.com/download/storage/v1/b/biddimarket-assets/o/110185-IMG_E1572-no-bg.png?generation=1728385060291374&alt=media,مواد تموينية,https://biddimarket.ps/orders/category/لوزام-الكيك-والحلويات/product/110185,
بذور كينوا سوداء الشيخ قاسم 250,10.00,https://storage.googleapis.com/download/storage/v1/b/biddimarket-assets/o/690029-IMG_E3646-no-bg.png?generation=1731945977505854&alt=media,مواد تموينية,https://biddimarket.ps/orders/category/حبوب-وبقوليات/product/690029,
صوص مايونيز حار نايس 360 غم,9.00,https://storage.googleapis.com/download/storage/v1/b/biddimarket-assets/o/720110-IMG_8003-no-bg.png?generation=1759330178193197&alt=media,مواد تموينية,https://biddimarket.ps/orders/category/شوربات-وصوصات/product/720110,
جيلاتين الزهراء,5.00,https://storage.googleapis.com/download/storage/v1/b/biddimarket-assets/o/740062-IMG_E1617-no-bg.png?generation=1728391082108224&alt=media,مواد تموينية,https://biddimarket.ps/orders/category/لوزام-الكيك-والحلويات/product/740062,
نوتيلا دهن 825غم,25.00,https://storage.googleapis.com/download/storage/v1/b/biddimarket-assets/o/740084-IMG_5341-no-bg.png?generation=1733993590031571&alt=media,مواد تموينية,https://biddimarket.ps/orders/category/لوزام-الكيك-والحلويات/product/740084,
شوكولاتة دهن نوتيلا 750 غم,24.00,https://storage.googleapis.com/download/storage/v1/b/biddimarket-assets/o/10015-764d4f35-13d9-4b8b-8c1d-dff1cddf8b16.png?generation=1785773821552712&alt=media,مواد تموينية,https://biddimarket.ps/orders/category/لوزام-الكيك-والحلويات/product/10015,
نوتيلا دهن 600 غم,22.00,https://storage.googleapis.com/download/storage/v1/b/biddimarket-assets/o/10016-06db03e6-3e8c-475c-a843-499ccf0ddccc.png?generation=1785694346520967&alt=media,مواد تموينية,https://biddimarket.ps/orders/category/لوزام-الكيك-والحلويات/product/10016,
شوربة ماجي اوسم 1 كيلو,14.00,https://storage.googleapis.com/download/storage/v1/b/biddimarket-assets/o/10081-05c704ff-d9f1-4ac0-93cb-65d35ad179a5.png?generation=1770387042220120&alt=media,مواد تموينية,https://biddimarket.ps/orders/category/شوربات-وصوصات/product/10081,
زبدة اللوتس 400 غم,15.00,https://storage.googleapis.com/download/storage/v1/b/biddimarket-assets/o/10104-c14b584c-1a05-4892-8560-57463abfebb3.png?generation=1785694486719732&alt=media,مواد تموينية,https://biddimarket.ps/orders/category/لوزام-الكيك-والحلويات/product/10104,
كاتشب اوسم 750 غم,13.00,https://storage.googleapis.com/download/storage/v1/b/biddimarket-assets/o/10142-f9060c99-45e9-4a24-9a47-6a9fa96f40d5.png?generation=1784807294630638&alt=media,مواد تموينية,https://biddimarket.ps/orders/category/شوربات-وصوصات/product/10142,
معكرونة اوسم انابيب 500 غم,7.00,https://storage.googleapis.com/download/storage/v1/b/biddimarket-assets/o/10198-07390313-4770-4b5c-8922-3d6b5144010d.png?generation=1785773708291791&alt=media,مواد تموينية,https://biddimarket.ps/orders/category/معكرونة/product/10198,
تونة مارينا حار 95غم,3.50,https://storage.googleapis.com/download/storage/v1/b/biddimarket-assets/o/10270-9a619f55-7392-4b08-8d2d-76a3ee3a311d.png?generation=1784736337597984&alt=media,مواد تموينية,https://biddimarket.ps/orders/category/تونة-سردين-لحوم/product/10270,
تونة مارينا مع ذرة بارد 150غم,6.00,https://storage.googleapis.com/download/storage/v1/b/biddimarket-assets/o/10272-ac38c07d-9dbe-4a50-9baa-48408803a184.png?generation=1784736460934378&alt=media,مواد تموينية,https://biddimarket.ps/orders/category/تونة-سردين-لحوم/product/10272,
لحمة اكسترا 340 غم,10.00,https://storage.googleapis.com/download/storage/v1/b/biddimarket-assets/o/10276-020d0d71-64e6-4f49-aaa6-472c945503cf.png?generation=1783866821155488&alt=media,مواد تموينية,https://biddimarket.ps/orders/category/معلبات-مشكلة-ومخللات/product/10276,
فطر مارينا مقطع 400غم,5.00,https://storage.googleapis.com/download/storage/v1/b/biddimarket-assets/o/10279-e765d848-ca2a-4c48-b2fa-3e2b55964951.png?generation=1783974349915140&alt=media,مواد تموينية,https://biddimarket.ps/orders/category/معلبات-مشكلة-ومخللات/product/10279,
فطر مارينا حب كامل 400غم,6.00,https://storage.googleapis.com/download/storage/v1/b/biddimarket-assets/o/10280-d390ee0e-e1f1-49ed-a944-1f6db9cf5536.png?generation=1785962887354186&alt=media,مواد تموينية,https://biddimarket.ps/orders/category/معلبات-مشكلة-ومخللات/product/10280,
ذرة مارينا ملعقة 180غم,4.00,https://storage.googleapis.com/download/storage/v1/b/biddimarket-assets/o/10284-8fb53d6b-0b37-4a4c-9f7b-94ae403855e3.png?generation=1783975299803813&alt=media,مواد تموينية,https://biddimarket.ps/orders/category/معلبات-مشكلة-ومخللات/product/10284,
اناناس مارينا شرائح 825غم,12.00,https://storage.googleapis.com/download/storage/v1/b/biddimarket-assets/o/10285-f2aef15a-0ac2-4a1f-adb7-4add6f3e7f29.png?generation=1783975481930582&alt=media,مواد تموينية,https://biddimarket.ps/orders/category/معلبات-مشكلة-ومخللات/product/10285,
كوكتيل فواكة مارينا 850غم,12.00,https://storage.googleapis.com/download/storage/v1/b/biddimarket-assets/o/10286-09039bf7-c115-48ba-b8f5-b9c54c843296.png?generation=1783975659493159&alt=media,مواد تموينية,https://biddimarket.ps/orders/category/معلبات-مشكلة-ومخللات/product/10286,
سنيورة بقري 800 غم,17.00,https://storage.googleapis.com/download/storage/v1/b/biddimarket-assets/o/10287-5c522401-7095-49a1-9928-78184bb1ee05.png?generation=1784736549441219&alt=media,مواد تموينية,https://biddimarket.ps/orders/category/تونة-سردين-لحوم/product/10287,
سنيورة بقري 225غم,7.00,https://storage.googleapis.com/download/storage/v1/b/biddimarket-assets/o/10291-424d52eb-13c1-47c5-a339-eebd34216628.png?generation=1784736651755156&alt=media,مواد تموينية,https://biddimarket.ps/orders/category/تونة-سردين-لحوم/product/10291,
سنيورة بقري 310غم,9.00,https://storage.googleapis.com/download/storage/v1/b/biddimarket-assets/o/10292-09452286-1558-48c4-b49c-db50272936bc.png?generation=1784736756998072&alt=media,مواد تموينية,https://biddimarket.ps/orders/category/تونة-سردين-لحوم/product/10292,
ذرة عيدن 550غم,6.00,https://storage.googleapis.com/download/storage/v1/b/biddimarket-assets/o/10293-5ff8e595-eb12-4e5f-9a37-8c3d7e186fb6.png?generation=1783976452578429&alt=media,مواد تموينية,https://biddimarket.ps/orders/category/معلبات-مشكلة-ومخللات/product/10293,
صلصة بندورة عيدن 580غم,6.00,https://storage.googleapis.com/download/storage/v1/b/biddimarket-assets/o/10302-1afa7820-a37e-4cf4-9d53-221e57342268.png?generation=1783976862259040&alt=media,مواد تموينية,https://biddimarket.ps/orders/category/معلبات-مشكلة-ومخللات/product/10302,
صلصة بندورة ابراهيم 580غم,6.50,https://storage.googleapis.com/download/storage/v1/b/biddimarket-assets/o/10303-c79327a1-4f88-4060-8d07-8a64291d59a4.png?generation=1783977066381192&alt=media,مواد تموينية,https://biddimarket.ps/orders/category/معلبات-مشكلة-ومخللات/product/10303,
سمنة الغزال 2 كيلو,36.00,https://storage.googleapis.com/download/storage/v1/b/biddimarket-assets/o/10309-b2a91116-1b95-4eab-885e-94f2f009b5e6.png?generation=1774458753262944&alt=media,مواد تموينية,https://biddimarket.ps/orders/category/زيوت-وسمنة/product/10309,
سمنة الغزال 910 غم,20.00,https://storage.googleapis.com/download/storage/v1/b/biddimarket-assets/o/10310-1e695056-0fbf-4946-8cb2-d9ac56877c64.png?generation=1785700410601985&alt=media,مواد تموينية,https://biddimarket.ps/orders/category/زيوت-وسمنة/product/10310,
سحلب الزهراء 500 غم,13.00,https://storage.googleapis.com/download/storage/v1/b/biddimarket-assets/o/10311-76e61440-4f23-4d98-b5aa-bc5e68a3ba46.png?generation=1784739586869386&alt=media,مواد تموينية,https://biddimarket.ps/orders/category/قهوة-شاي-نسكافية/product/10311,
سحلب الزهراء 30غم,1.50,https://storage.googleapis.com/download/storage/v1/b/biddimarket-assets/o/10312-baadb63a-5a6d-4639-9d8e-28e18b73681b.png?generation=1784740057392371&alt=media,مواد تموينية,https://biddimarket.ps/orders/category/قهوة-شاي-نسكافية/product/10312,
معكرونة ابو عيطة رقم (2) 350 غم,2.50,https://storage.googleapis.com/download/storage/v1/b/biddimarket-assets/o/10319-cc40af95-25f0-4f1f-b65a-11355b4e0654.png?generation=1785944386761839&alt=media,مواد تموينية,https://biddimarket.ps/orders/category/معكرونة/product/10319,
ارز بسمتي البستان 7 كيلو,33.00,https://storage.googleapis.com/download/storage/v1/b/biddimarket-assets/o/10323-bbg.png?generation=1785299543170310&alt=media,مواد تموينية,https://biddimarket.ps/orders/category/أرز/product/10323,
مايونيز مارينا 500غم,10.00,https://storage.googleapis.com/download/storage/v1/b/biddimarket-assets/o/10325-3552eda2-dece-43c4-97ed-f19d1ed07998.png?generation=1784809223150763&alt=media,مواد تموينية,https://biddimarket.ps/orders/category/شوربات-وصوصات/product/10325,
كريمة الزهراء شوكولاتة 90غم,4.00,https://storage.googleapis.com/download/storage/v1/b/biddimarket-assets/o/10335-c9aba82b-f0b7-4e58-99d8-a1ba23205f8b.png?generation=1784842121952494&alt=media,مواد تموينية,https://biddimarket.ps/orders/category/لوزام-الكيك-والحلويات/product/10335,
شعيرية ابو عيطة 350 غم,2.50,https://storage.googleapis.com/download/storage/v1/b/biddimarket-assets/o/10337-3656a414-9f8e-4718-a9ff-acad3a2d578c.png?generation=1783964825867915&alt=media,مواد تموينية,https://biddimarket.ps/orders/category/معكرونة/product/10337,
نسكافيه مارينا كلاسيك 200 غم,15.00,https://storage.googleapis.com/download/storage/v1/b/biddimarket-assets/o/10338-d28fb62b-d07d-4595-b8b4-96172c128f14.png?generation=1785698732081951&alt=media,مواد تموينية,https://biddimarket.ps/orders/category/قهوة-شاي-نسكافية/product/10338,
كابتشينو تورابيكا,1.00,https://storage.googleapis.com/download/storage/v1/b/biddimarket-assets/o/10352-617f43b4-6ccb-4d1b-97d9-6f3b883cbe11.png?generation=1784740196148357&alt=media,مواد تموينية,https://biddimarket.ps/orders/category/قهوة-شاي-نسكافية/product/10352,
حليبنا اصفر 750 غم,32.00,https://storage.googleapis.com/download/storage/v1/b/biddimarket-assets/o/10353-1872b3e0-8332-405e-afe8-7fb81c5eaa1b.png?generation=1784794562022377&alt=media,مواد تموينية,https://biddimarket.ps/orders/category/حليب-بودرة/product/10353,
نسكافيه اصابع اصلي,1.00,https://storage.googleapis.com/download/storage/v1/b/biddimarket-assets/o/10364-6b58a207-a5e0-4865-a2c5-8f0e7431ca50.png?generation=1784740327531638&alt=media,مواد تموينية,https://biddimarket.ps/orders/category/قهوة-شاي-نسكافية/product/10364,
قهوة عليت تركي فاكيوم 1 كغم,76.00,https://storage.googleapis.com/download/storage/v1/b/biddimarket-assets/o/10397-4bf66d47-2b60-483c-9219-b0378bfd1896.png?generation=1784740414725631&alt=media,مواد تموينية,https://biddimarket.ps/orders/category/قهوة-شاي-نسكافية/product/10397,
قهوة عليت نميس 230 غم,33.00,https://storage.googleapis.com/download/storage/v1/b/biddimarket-assets/o/10403-3d7cc327-7f1e-4355-a867-cf210fafd85b.png?generation=1784740486915075&alt=media,مواد تموينية,https://biddimarket.ps/orders/category/قهوة-شاي-نسكافية/product/10403,
قهوة عليت شاحور 1 كغم,54.00,https://storage.googleapis.com/download/storage/v1/b/biddimarket-assets/o/10407-3ab293cc-93a0-4f36-a874-23e134364996.png?generation=1784740563584498&alt=media,مواد تموينية,https://biddimarket.ps/orders/category/قهوة-شاي-نسكافية/product/10407,
قهوة عيليت تركية 100 غم,9.00,https://storage.googleapis.com/download/storage/v1/b/biddimarket-assets/o/10420-610df6a1-9158-461d-a1e8-ac8a9409099d.png?generation=1784740689749609&alt=media,مواد تموينية,https://biddimarket.ps/orders/category/قهوة-شاي-نسكافية/product/10420,
نقانق بيس كوكتيل يحيعام 380غم,10.00,https://storage.googleapis.com/download/storage/v1/b/biddimarket-assets/o/1020010-IMG_6475-no-bg.png?generation=1736005567022247&alt=media,ثلاجة الاغذية,https://biddimarket.ps/orders/category/نقانق/product/1020010,
جبنة لفاشكيري 32 قطعة,24.00,https://storage.googleapis.com/download/storage/v1/b/biddimarket-assets/o/1110013-1110013-ai-optimized.png?generation=1768042938469838&alt=media,ثلاجة الاغذية,https://biddimarket.ps/orders/category/جبنة-قطع-ومثلثات/product/1110013,
جبنة لفاشكيري مثلثات 12قطعة,12.00,https://storage.googleapis.com/download/storage/v1/b/biddimarket-assets/o/140038-140038-ai-optimized.png?generation=1768042831457881&alt=media,ثلاجة الاغذية,https://biddimarket.ps/orders/category/جبنة-قطع-ومثلثات/product/140038,
لبن بلدي 1.5 لتر كانديا,12.00,https://storage.googleapis.com/download/storage/v1/b/biddimarket-assets/o/140213-140213-ai-optimized.png?generation=1768334211112213&alt=media,ثلاجة الاغذية,https://biddimarket.ps/orders/category/لبن/product/140213,
عيران 250 مل بينار,2.50,https://storage.googleapis.com/download/storage/v1/b/biddimarket-assets/o/070108-ae3b0701-f42c-4420-955d-3fc3605c1efa.png?generation=1783969146036435&alt=media,ثلاجة الاغذية,https://biddimarket.ps/orders/category/لبن/product/070108,
كبانوس الاسلامية 250 غم,7.00,https://storage.googleapis.com/download/storage/v1/b/biddimarket-assets/o/090092-2dcbef55-0e96-4f75-9fc6-e19f6a34f36f.png?generation=1784795080112898&alt=media,ثلاجة الاغذية,https://biddimarket.ps/orders/category/نقانق/product/090092,
ذرة بالمايونيز نايس 160 غم,4.00,https://storage.googleapis.com/download/storage/v1/b/biddimarket-assets/o/1000028-c221ee4a-8414-4268-a980-4a9c43521030%20(1).png?generation=1784743078757643&alt=media,ثلاجة الاغذية,https://biddimarket.ps/orders/category/متبل-وسلطات/product/1000028,
سلطة تركية احلا 400غم,12.00,https://storage.googleapis.com/download/storage/v1/b/biddimarket-assets/o/1000031-5c0bee7a-17b1-4054-9e95-c92157ab0065.png?generation=1784800961968270&alt=media,ثلاجة الاغذية,https://biddimarket.ps/orders/category/متبل-وسلطات/product/1000031,
سلطة تركية الجنيدي 180 غم,3.00,https://storage.googleapis.com/download/storage/v1/b/biddimarket-assets/o/1000041-84055537-5308-4821-99b0-4a0a119a9117.png?generation=1784752761353581&alt=media,ثلاجة الاغذية,https://biddimarket.ps/orders/category/متبل-وسلطات/product/1000041,
سلطة ملفوف حمودة 180 غم,3.00,https://storage.googleapis.com/download/storage/v1/b/biddimarket-assets/o/1000042-4a6c24f6-adcf-4b55-bff2-80179549db56.png?generation=1784752879176695&alt=media,ثلاجة الاغذية,https://biddimarket.ps/orders/category/متبل-وسلطات/product/1000042,
سلطة تركية حمودة 180 غم,3.00,https://storage.googleapis.com/download/storage/v1/b/biddimarket-assets/o/1000043-b65a471c-7848-4204-b7f1-601b530bc592.png?generation=1784752998362909&alt=media,ثلاجة الاغذية,https://biddimarket.ps/orders/category/متبل-وسلطات/product/1000043,
حمص بطحينة حمودة 180 غم,3.00,https://storage.googleapis.com/download/storage/v1/b/biddimarket-assets/o/1000044-dce8ebde-4b1a-4de8-a850-5594af1107a3.png?generation=1785850110398629&alt=media,ثلاجة الاغذية,https://biddimarket.ps/orders/category/حمص/product/1000044,
متبل باذنجان بالمايونيز احلا 400 غم,12.00,https://storage.googleapis.com/download/storage/v1/b/biddimarket-assets/o/1000045-4efe92c8-5310-4282-a3c2-f8ebd7eeb3d8.png?generation=1784753111340753&alt=media,ثلاجة الاغذية,https://biddimarket.ps/orders/category/متبل-وسلطات/product/1000045,
سلطة ذرة الجنيدي 110 غم,2.00,https://storage.googleapis.com/download/storage/v1/b/biddimarket-assets/o/1000048-e70a1f46-6f5d-4126-8235-3bbd7687685d.png?generation=1784752125377933&alt=media,ثلاجة الاغذية,https://biddimarket.ps/orders/category/متبل-وسلطات/product/1000048,
حمص الجنيدي 110 غم,2.00,https://storage.googleapis.com/download/storage/v1/b/biddimarket-assets/o/1000049-16d47b9b-5461-4669-b1b1-a0e4eae7ad9f.png?generation=1784744798981493&alt=media,ثلاجة الاغذية,https://biddimarket.ps/orders/category/متبل-وسلطات/product/1000049,
سلطة تركية الجنيدي 110 غم,2.00,https://storage.googleapis.com/download/storage/v1/b/biddimarket-assets/o/1000050-257fa860-7e93-49fd-9021-da3ff6285be2.png?generation=1784744711962790&alt=media,ثلاجة الاغذية,https://biddimarket.ps/orders/category/متبل-وسلطات/product/1000050,
متبل باذنجان الجنيدي 110,2.00,https://storage.googleapis.com/download/storage/v1/b/biddimarket-assets/o/1000051-5370cc9f-0477-4636-b246-2bc91e917b99.png?generation=1784744654547885&alt=media,ثلاجة الاغذية,https://biddimarket.ps/orders/category/متبل-وسلطات/product/1000051,
ملفوف احلا 400 غم,12.00,https://storage.googleapis.com/download/storage/v1/b/biddimarket-assets/o/1000053-5bdc4a71-52fb-490d-a25a-b8def8386be6.png?generation=1784744570966203&alt=media,ثلاجة الاغذية,https://biddimarket.ps/orders/category/متبل-وسلطات/product/1000053,
ملفوف الجنيدي 180 غم,3.00,https://storage.googleapis.com/download/storage/v1/b/biddimarket-assets/o/1000054-a2c6b282-bac2-41df-a007-717e5ec80a08.png?generation=1784743782607048&alt=media,ثلاجة الاغذية,https://biddimarket.ps/orders/category/متبل-وسلطات/product/1000054,
سلطة طحينة الجنيدي 180 غم,4.00,https://storage.googleapis.com/download/storage/v1/b/biddimarket-assets/o/1000057-92a5a786-8373-4134-af27-28f7bca42804.png?generation=1784743633230963&alt=media,ثلاجة الاغذية,https://biddimarket.ps/orders/category/متبل-وسلطات/product/1000057,
سلطة تركية الغزال 800غم,12.00,https://storage.googleapis.com/download/storage/v1/b/biddimarket-assets/o/1000063-24e9111f-041d-4459-8ec5-89db77ff2d6f.png?generation=1784743543664417&alt=media,ثلاجة الاغذية,https://biddimarket.ps/orders/category/متبل-وسلطات/product/1000063,
متبل باذنجان الغزال 800غم,12.00,https://storage.googleapis.com/download/storage/v1/b/biddimarket-assets/o/1000064-93fb60fa-0e47-4f9b-a441-dcef2eb8a36a.png?generation=1784743436437460&alt=media,ثلاجة الاغذية,https://biddimarket.ps/orders/category/متبل-وسلطات/product/1000064,
سلطة ملفوف احمر الغزال 800غم,12.00,https://storage.googleapis.com/download/storage/v1/b/biddimarket-assets/o/1000065-e0b3c305-9394-4904-b72d-0d55bfe2663a.png?generation=1784743246907494&alt=media,ثلاجة الاغذية,https://biddimarket.ps/orders/category/متبل-وسلطات/product/1000065,
سلطة خضراوات الغزال 800غم,12.00,https://storage.googleapis.com/download/storage/v1/b/biddimarket-assets/o/1000066-2f2855b3-289a-484c-9c23-c7c5b1f9d5af.png?generation=1784753210606158&alt=media,ثلاجة الاغذية,https://biddimarket.ps/orders/category/متبل-وسلطات/product/1000066,
متبل باذنجان الغزال 400غم,8.00,https://storage.googleapis.com/download/storage/v1/b/biddimarket-assets/o/1000067-1049ad84-3865-4f3f-bf33-259d1aa572e4.png?generation=1784753318378359&alt=media,ثلاجة الاغذية,https://biddimarket.ps/orders/category/متبل-وسلطات/product/1000067,
سلطة خضراوات الغزال 400غم,8.00,https://storage.googleapis.com/download/storage/v1/b/biddimarket-assets/o/1000068-d0a8c887-58ce-42d8-8994-077767fce1c7.png?generation=1784744052008768&alt=media,ثلاجة الاغذية,https://biddimarket.ps/orders/category/متبل-وسلطات/product/1000068,
سلطة تركية الغزال 400غم,8.00,https://storage.googleapis.com/download/storage/v1/b/biddimarket-assets/o/1000069-6da446f0-ec52-41d9-a850-0822db62e23a.png?generation=1784743958160958&alt=media,ثلاجة الاغذية,https://biddimarket.ps/orders/category/متبل-وسلطات/product/1000069,
سلطة ذرة الغزال 400غم,9.00,https://storage.googleapis.com/download/storage/v1/b/biddimarket-assets/o/1000071-d1452383-3583-41d6-b9f1-e44c93ce8cd1.png?generation=1784744471029792&alt=media,ثلاجة الاغذية,https://biddimarket.ps/orders/category/متبل-وسلطات/product/1000071,
سلطة تركية الغزال 180غم,4.00,https://storage.googleapis.com/download/storage/v1/b/biddimarket-assets/o/1000072-43e7ff8d-8ae9-4213-b7fb-192905fc6350.png?generation=1784744356783753&alt=media,ثلاجة الاغذية,https://biddimarket.ps/orders/category/متبل-وسلطات/product/1000072,
متبل باذنجان الغزال 180غم,4.00,https://storage.googleapis.com/download/storage/v1/b/biddimarket-assets/o/1000073-46289e06-ca2b-40e6-af37-233489d336c7.png?generation=1784744290066678&alt=media,ثلاجة الاغذية,https://biddimarket.ps/orders/category/متبل-وسلطات/product/1000073,
سلطة ملفوف احمر الغزال 180غم,4.00,https://storage.googleapis.com/download/storage/v1/b/biddimarket-assets/o/1000074-e6128476-6a8d-4a27-90e5-50e02ed8878a.png?generation=1784754067690197&alt=media,ثلاجة الاغذية,https://biddimarket.ps/orders/category/متبل-وسلطات/product/1000074,
سلطة طحينية الغزال 180غم,4.00,https://storage.googleapis.com/download/storage/v1/b/biddimarket-assets/o/1000075-0dd0c089-05cc-41c8-9463-db09de09be93.png?generation=1784744184516093&alt=media,ثلاجة الاغذية,https://biddimarket.ps/orders/category/متبل-وسلطات/product/1000075,
سلطة خضراوات الغزال 180غم,4.00,https://storage.googleapis.com/download/storage/v1/b/biddimarket-assets/o/1000076-477c02bf-aed4-4378-ac91-01946c8d7ef7.png?generation=1784744115643239&alt=media,ثلاجة الاغذية,https://biddimarket.ps/orders/category/متبل-وسلطات/product/1000076,
سلطة ذرة الغزال 200غم,5.00,https://storage.googleapis.com/download/storage/v1/b/biddimarket-assets/o/1000077-05fada5f-dc32-4290-9b23-8fee04f18d8c.png?generation=1784753438683857&alt=media,ثلاجة الاغذية,https://biddimarket.ps/orders/category/متبل-وسلطات/product/1000077,
سلطة كولسلو الغزال 180غم,4.00,https://storage.googleapis.com/download/storage/v1/b/biddimarket-assets/o/1000078-025b007f-611d-4b8f-83c1-403fc63f179c.png?generation=1784753557213336&alt=media,ثلاجة الاغذية,https://biddimarket.ps/orders/category/متبل-وسلطات/product/1000078,
ملفوف نايس 400 غم,8.00,https://storage.googleapis.com/download/storage/v1/b/biddimarket-assets/o/1000083-ea3f0c8b-2c9c-4e3b-ac5d-04861a0108c8.png?generation=1784753642612519&alt=media,ثلاجة الاغذية,https://biddimarket.ps/orders/category/متبل-وسلطات/product/1000083,
متبل باذنجان نايس 400 غم,8.00,https://storage.googleapis.com/download/storage/v1/b/biddimarket-assets/o/1000084-75699cfc-39b4-4626-9cd2-3dec2f870ffc.png?generation=1784792722665416&alt=media,ثلاجة الاغذية,https://biddimarket.ps/orders/category/متبل-وسلطات/product/1000084,
ملفوف ابيض الغزال 400 غم,8.00,https://storage.googleapis.com/download/storage/v1/b/biddimarket-assets/o/1000086-828f4e4a-cdfb-47b0-9aa9-3a698ad9a098.png?generation=1783553882377194&alt=media,ثلاجة الاغذية,https://biddimarket.ps/orders/category/متبل-وسلطات/product/1000086,
متبل باذجان نايس 750 غم,11.00,https://storage.googleapis.com/download/storage/v1/b/biddimarket-assets/o/1000088-ac4c1e1f-e64a-4664-80fb-f82f134d564c.png?generation=1772460452251122&alt=media,ثلاجة الاغذية,https://biddimarket.ps/orders/category/متبل-وسلطات/product/1000088,
سلطة ملفوف حمودة 500 غم,8.00,https://storage.googleapis.com/download/storage/v1/b/biddimarket-assets/o/1000089-44027a8c-52a9-46f6-9dda-f3b16e72e033.png?generation=1784791832938093&alt=media,ثلاجة الاغذية,https://biddimarket.ps/orders/category/متبل-وسلطات/product/1000089,
سلطة كولسلو الغزال 800غم,12.00,https://storage.googleapis.com/download/storage/v1/b/biddimarket-assets/o/1000107-723ca7f4-a5a7-4a5f-bf9d-8d6d8944c8a3.png?generation=1784791907106311&alt=media,ثلاجة الاغذية,https://biddimarket.ps/orders/category/متبل-وسلطات/product/1000107,
سلطة خضار الغزال 110غم,2.00,https://storage.googleapis.com/download/storage/v1/b/biddimarket-assets/o/1000108-72ebc318-23b8-4b2e-aaad-73b06b4a784b.png?generation=1784791989971708&alt=media,ثلاجة الاغذية,https://biddimarket.ps/orders/category/متبل-وسلطات/product/1000108,
سلطة ملفوف احمر الغزال 110غم,2.00,https://storage.googleapis.com/download/storage/v1/b/biddimarket-assets/o/1000109-18988f8c-1858-46a6-a7b8-069396cc12c8.png?generation=1784792059606290&alt=media,ثلاجة الاغذية,https://biddimarket.ps/orders/category/متبل-وسلطات/product/1000109,
متبل باذنجان الغزال 110غم,2.00,https://storage.googleapis.com/download/storage/v1/b/biddimarket-assets/o/1000110-bf56ba94-111c-49a3-b141-35eeeff916b7.png?generation=1784792154298842&alt=media,ثلاجة الاغذية,https://biddimarket.ps/orders/category/متبل-وسلطات/product/1000110,
متبل باذنجان حمودة 900غم,12.00,https://storage.googleapis.com/download/storage/v1/b/biddimarket-assets/o/1000111-12a8f7da-703c-433f-95f0-bdd9c0017382.png?generation=1784792218009531&alt=media,ثلاجة الاغذية,https://biddimarket.ps/orders/category/متبل-وسلطات/product/1000111,
سلطة ملفوف احمر حمودة 900غم,12.00,https://storage.googleapis.com/download/storage/v1/b/biddimarket-assets/o/1000112-8f1edbb9-3e60-461b-acb6-35d6e9d6cad9.png?generation=1783551508707393&alt=media,ثلاجة الاغذية,https://biddimarket.ps/orders/category/متبل-وسلطات/product/1000112,
سلطة ذرة الغزال 100غم,2.00,https://storage.googleapis.com/download/storage/v1/b/biddimarket-assets/o/1000113-6a7487de-9c0d-4fb6-8ca6-58327c9d9f8e.png?generation=1784792315871727&alt=media,ثلاجة الاغذية,https://biddimarket.ps/orders/category/متبل-وسلطات/product/1000113,
سلطة بقدونسية الغزال 110غم,2.00,https://storage.googleapis.com/download/storage/v1/b/biddimarket-assets/o/1000114-ca470fbb-7a20-4b87-9eb5-09d62869f3d4.png?generation=1783559498731711&alt=media,ثلاجة الاغذية,https://biddimarket.ps/orders/category/متبل-وسلطات/product/1000114,
سلطة تركية الغزال 110غم,2.00,https://storage.googleapis.com/download/storage/v1/b/biddimarket-assets/o/1000116-aa03fe6f-afc7-4643-99ec-336212b628cb.png?generation=1784792482903711&alt=media,ثلاجة الاغذية,https://biddimarket.ps/orders/category/متبل-وسلطات/product/1000116,
مخلوطة معلاق خاروف 500غم,20.00,https://storage.googleapis.com/download/storage/v1/b/biddimarket-assets/o/1500007-WhatsApp%20Image%202024-12-20%20at%2016.44.07_39aa7e4d-no-bg.png?generation=1735219799414552&alt=media,لحوم طازجة,https://biddimarket.ps/orders/category/لحم-خاروف-(-درويش-الحج-حسن-)/product/1500007,
قص خاروف للحشي 500غم,30.00,https://storage.googleapis.com/download/storage/v1/b/biddimarket-assets/o/1500011-IMG-20241220-WA0093-no-bg.png?generation=1735219818568694&alt=media,لحوم طازجة,https://biddimarket.ps/orders/category/لحم-خاروف-(-درويش-الحج-حسن-)/product/1500011,
كفتة عجل 250غم,19.00,https://storage.googleapis.com/download/storage/v1/b/biddimarket-assets/o/1510001-IMG-20241220-WA0091-no-bg.png?generation=1735219824377574&alt=media,لحوم طازجة,https://biddimarket.ps/orders/category/لحم-عجل-(درويش-الحج-حسن-)/product/1510001,
راس عصفور عجل للقلي 250غم,19.00,https://storage.googleapis.com/download/storage/v1/b/biddimarket-assets/o/1510005-IMG-20241220-WA0088-no-bg.png?generation=1735219850108151&alt=media,لحوم طازجة,https://biddimarket.ps/orders/category/لحم-عجل-(درويش-الحج-حسن-)/product/1510005,
شاورما عجل مكسيكانو 500غم,40.00,https://storage.googleapis.com/download/storage/v1/b/biddimarket-assets/o/1510010-IMG-20241220-WA0081-no-bg.png?generation=1735219882020324&alt=media,لحوم طازجة,https://biddimarket.ps/orders/category/لحم-عجل-(درويش-الحج-حسن-)/product/1510010,
لحمة عجل صاجية 500غم,39.00,https://storage.googleapis.com/download/storage/v1/b/biddimarket-assets/o/1510011-%D9%84%D8%AD%D9%85%20%D8%B9%D8%AC%D9%84%20%D8%B5%D8%A7%D8%AC%D9%8A%D8%A9-no-bg.png?generation=1736006515246247&alt=media,لحوم طازجة,https://biddimarket.ps/orders/category/لحم-عجل-(درويش-الحج-حسن-)/product/1510011,
كفتة عجل مع خاروف 250غم,19.00,https://storage.googleapis.com/download/storage/v1/b/biddimarket-assets/o/1510014-IMG-20241220-WA0091-no-bg.png?generation=1735219892937003&alt=media,لحوم طازجة,https://biddimarket.ps/orders/category/لحم-عجل-(درويش-الحج-حسن-)/product/1510014,
شقف خاروف مع عظم للطبخ 500غم,55.00,https://storage.googleapis.com/download/storage/v1/b/biddimarket-assets/o/1500002-67cf01f5-d8d3-46df-879b-e97b15c66da3.png?generation=1785782736786505&alt=media,لحوم طازجة,https://biddimarket.ps/orders/category/لحم-خاروف-(-درويش-الحج-حسن-)/product/1500002,
شقف خاروف بدون عظم للطبيخ 500غم,75.00,https://storage.googleapis.com/download/storage/v1/b/biddimarket-assets/o/1500003-254ecaad-c33b-4ff5-b5b2-0fb9e9607284.png?generation=1785782833866090&alt=media,لحوم طازجة,https://biddimarket.ps/orders/category/لحم-خاروف-(-درويش-الحج-حسن-)/product/1500003,
شقف خاروف للشوي بدون عظم 500غم,75.00,https://storage.googleapis.com/download/storage/v1/b/biddimarket-assets/o/1500004-a292734a-6395-42de-9064-f81522ac42d7.png?generation=1785782933165267&alt=media,لحوم طازجة,https://biddimarket.ps/orders/category/لحم-خاروف-(-درويش-الحج-حسن-)/product/1500004,
قص خاروف مقطع 500غم,30.00,https://storage.googleapis.com/download/storage/v1/b/biddimarket-assets/o/1500005-c1065dde-3b27-49fe-9256-6a3be231089b.png?generation=1785783047091825&alt=media,لحوم طازجة,https://biddimarket.ps/orders/category/لحم-خاروف-(-درويش-الحج-حسن-)/product/1500005,
سلعوت خاروف 500غم,56.00,https://storage.googleapis.com/download/storage/v1/b/biddimarket-assets/o/1500006-0b15ba66-5c0f-409e-9962-c2d9a5dc9e5a.png?generation=1772637876833025&alt=media,لحوم طازجة,https://biddimarket.ps/orders/category/لحم-خاروف-(-درويش-الحج-حسن-)/product/1500006,
رقبة خاروف للحشي 1 كيلو,115.00,https://storage.googleapis.com/download/storage/v1/b/biddimarket-assets/o/1500008-26d01659-2344-41d7-8abf-bc2b5b6848a5.png?generation=1785783323317625&alt=media,لحوم طازجة,https://biddimarket.ps/orders/category/لحم-خاروف-(-درويش-الحج-حسن-)/product/1500008,
شقف خاروف للشوي مع عظم 500غم,55.00,https://storage.googleapis.com/download/storage/v1/b/biddimarket-assets/o/1500010-d7edf5e9-9be1-464a-83c4-d36110c73fb6.png?generation=1785783466822759&alt=media,لحوم طازجة,https://biddimarket.ps/orders/category/لحم-خاروف-(-درويش-الحج-حسن-)/product/1500010,
مفرومة عجل 250غم,19.00,https://storage.googleapis.com/download/storage/v1/b/biddimarket-assets/o/1510002-d54482ba-dc24-4a8d-9646-48e0ce7f2c6a.png?generation=1772637695763735&alt=media,لحوم طازجة,https://biddimarket.ps/orders/category/لحم-عجل-(درويش-الحج-حسن-)/product/1510002,
مطحونة عجل ساده 250غم,19.00,https://storage.googleapis.com/download/storage/v1/b/biddimarket-assets/o/1510003-44646065-daee-4eda-a168-044a8b796bde.png?generation=1772637712819433&alt=media,لحوم طازجة,https://biddimarket.ps/orders/category/لحم-عجل-(درويش-الحج-حسن-)/product/1510003,
شقف عجل للطبيخ 250 غم,19.00,https://storage.googleapis.com/download/storage/v1/b/biddimarket-assets/o/1510004-dc0d8048-ac7c-4bf9-80aa-8fb91d90ae8a.png?generation=1772637629584477&alt=media,لحوم طازجة,https://biddimarket.ps/orders/category/لحم-عجل-(درويش-الحج-حسن-)/product/1510004,
كبدة عجل 500غم,5.00,https://storage.googleapis.com/download/storage/v1/b/biddimarket-assets/o/1510007-da289fcd-4cd1-4f42-ab2c-ec2c4db98567.png?generation=1772637574825723&alt=media,لحوم طازجة,https://biddimarket.ps/orders/category/لحم-عجل-(درويش-الحج-حسن-)/product/1510007,
ستيك عجل (انتركوت) 500غم,44.00,https://storage.googleapis.com/download/storage/v1/b/biddimarket-assets/o/1510008-913cf0ac-5eaa-48ec-9933-e692a974c869.png?generation=1772637777927799&alt=media,لحوم طازجة,https://biddimarket.ps/orders/category/لحم-عجل-(درويش-الحج-حسن-)/product/1510008,
كلاوي عجل 500غم,20.00,https://storage.googleapis.com/download/storage/v1/b/biddimarket-assets/o/1510012-0db48302-8518-4623-acc1-83c7b06f3681.png?generation=1772637821938647&alt=media,لحوم طازجة,https://biddimarket.ps/orders/category/لحم-عجل-(درويش-الحج-حسن-)/product/1510012,
صنية كفتة عجل مع خضار,85.00,https://storage.googleapis.com/download/storage/v1/b/biddimarket-assets/o/1510013-8e27803b-4055-4e76-a005-e15b3f89d440.png?generation=1772638380177361&alt=media,لحوم طازجة,https://biddimarket.ps/orders/category/لحم-عجل-(درويش-الحج-حسن-)/product/1510013,
اسادو عجل 1 كيلو,48.00,https://storage.googleapis.com/download/storage/v1/b/biddimarket-assets/o/1510016-0824ebb1-759d-445b-8058-7e1efb88e2c3.png?generation=1774976983439681&alt=media,لحوم طازجة,https://biddimarket.ps/orders/category/لحم-عجل-(درويش-الحج-حسن-)/product/1510016,
فليه عجل حج حسن 500غم,55.00,https://storage.googleapis.com/download/storage/v1/b/biddimarket-assets/o/1510024-IMG_9869.jpg?generation=1766064328499893&alt=media,لحوم طازجة,https://biddimarket.ps/orders/category/لحم-عجل-(درويش-الحج-حسن-)/product/1510024,
صنية مكسيكانو عجل لشخصين,65.00,https://storage.googleapis.com/download/storage/v1/b/biddimarket-assets/o/1510027-d38c68f8-2516-4dcf-8480-d3bbbb73e0a1.png?generation=1772638239828585&alt=media,لحوم طازجة,https://biddimarket.ps/orders/category/لحم-عجل-(درويش-الحج-حسن-)/product/1510027,
شاورما صدر حبش طازج 500غم ( عاشور ),18.00,https://storage.googleapis.com/download/storage/v1/b/biddimarket-assets/o/1520001-98bc6dba-7697-4df6-b5bb-be8713a26738.png?generation=1785774504469195&alt=media,لحوم طازجة,https://biddimarket.ps/orders/category/لحم-حبش-(-عاشور)/product/1520001,
شاورما فخاد حبش طازج 500غم ( عاشور ),21.00,https://storage.googleapis.com/download/storage/v1/b/biddimarket-assets/o/1520002-602905b9-d67c-478a-b1b6-bcb3bd864da3.png?generation=1785774523057330&alt=media,لحوم طازجة,https://biddimarket.ps/orders/category/لحم-حبش-(-عاشور)/product/1520002,
صدر حبش ستيك طازج 500غم ( عاشور ),18.00,https://storage.googleapis.com/download/storage/v1/b/biddimarket-assets/o/1520003-3b355de9-6654-4e4d-8fee-1b5b64119931.png?generation=1785774540808583&alt=media,لحوم طازجة,https://biddimarket.ps/orders/category/لحم-حبش-(-عاشور)/product/1520003,
صدر حبش راس عصفور طازج 500غم ( عاشور ),18.00,https://storage.googleapis.com/download/storage/v1/b/biddimarket-assets/o/1520004-c2b0f492-4511-460b-b954-246fd3dc3e1d.png?generation=1785774563510339&alt=media,لحوم طازجة,https://biddimarket.ps/orders/category/لحم-حبش-(-عاشور)/product/1520004,
فخاذ حبش راس عصفور طازج 500غم ( عاشور ),21.00,https://storage.googleapis.com/download/storage/v1/b/biddimarket-assets/o/1520005-c5e66f37-5994-41f7-a696-96c399c5f07d.png?generation=1785774980124672&alt=media,لحوم طازجة,https://biddimarket.ps/orders/category/لحم-حبش-(-عاشور)/product/1520005,
فخاذ حبش طازج 500غم ( عاشور ),21.00,https://storage.googleapis.com/download/storage/v1/b/biddimarket-assets/o/1520006-e54cbf37-e890-4f51-ae4b-09c67b2437a1.png?generation=1785774585054556&alt=media,لحوم طازجة,https://biddimarket.ps/orders/category/لحم-حبش-(-عاشور)/product/1520006,
كفتة صدر حبش طازج 500غم ( عاشور ),18.00,https://storage.googleapis.com/download/storage/v1/b/biddimarket-assets/o/1520007-5db142f8-1dba-4814-8353-7cb9843d46f0.png?generation=1785774607328700&alt=media,لحوم طازجة,https://biddimarket.ps/orders/category/لحم-حبش-(-عاشور)/product/1520007,
كبدة حبش طازج 500غم ( عاشور ),10.00,https://storage.googleapis.com/download/storage/v1/b/biddimarket-assets/o/1520008-dd65846b-1a4a-4806-853a-0f8a88ef9fbe.png?generation=1785774627328090&alt=media,لحوم طازجة,https://biddimarket.ps/orders/category/لحم-حبش-(-عاشور)/product/1520008,
موزات حبش محشي طازج 500غم ( عاشور ),21.00,https://storage.googleapis.com/download/storage/v1/b/biddimarket-assets/o/1520009-b3b5812a-30b5-4ff0-8912-81e4ef2dd903.png?generation=1785774784958765&alt=media,لحوم طازجة,https://biddimarket.ps/orders/category/لحم-حبش-(-عاشور)/product/1520009,
موزات حبش طازج 500غم ( عاشور ),24.00,https://storage.googleapis.com/download/storage/v1/b/biddimarket-assets/o/1520010-5635433f-0bd9-4017-9039-7b84053f242f.png?generation=1785774672114064&alt=media,لحوم طازجة,https://biddimarket.ps/orders/category/لحم-حبش-(-عاشور)/product/1520010,
شنتسل حبش مبهر طازج عاشور (10 شيقل),10.00,https://storage.googleapis.com/download/storage/v1/b/biddimarket-assets/o/1520011-45ec3074-b98c-4d5a-8c46-55acadfdbec3.png?generation=1785774696591383&alt=media,لحوم طازجة,https://biddimarket.ps/orders/category/لحم-حبش-(-عاشور)/product/1520011,
زنجر حبش مبهر طازج عاشور (10 شيقل),10.00,https://storage.googleapis.com/download/storage/v1/b/biddimarket-assets/o/1520012-a7afabe8-d00e-4f7a-a2ec-d71dd736bcaa.png?generation=1785774718039975&alt=media,لحوم طازجة,https://biddimarket.ps/orders/category/لحم-حبش-(-عاشور)/product/1520012,
شاورما حبش صدر وفخاد طازج 500غم ( عاشور ),20.00,https://storage.googleapis.com/download/storage/v1/b/biddimarket-assets/o/1520013-ebc38f4f-5328-4d71-b861-e8d7e953d050.png?generation=1785774741053851&alt=media,لحوم طازجة,https://biddimarket.ps/orders/category/لحم-حبش-(-عاشور)/product/1520013,
صدر حبش شيش طاووق مبهر طازج 500غم ( عاشور ),19.00,https://storage.googleapis.com/download/storage/v1/b/biddimarket-assets/o/1520014-4000a5fe-aefe-4baf-98a6-a90df10b6dc4.png?generation=1785774809584417&alt=media,لحوم طازجة,https://biddimarket.ps/orders/category/لحم-حبش-(-عاشور)/product/1520014,
فخاذ حبش شيش طاووق مبهر طازج 500غم ( عاشور ),21.00,https://storage.googleapis.com/download/storage/v1/b/biddimarket-assets/o/1520015-b4903aa8-2e7b-4937-9497-4b20f3319eb8.png?generation=1785774861374206&alt=media,لحوم طازجة,https://biddimarket.ps/orders/category/لحم-حبش-(-عاشور)/product/1520015,
كفتة فخاد حبش طازج 500غم ( عاشور ),21.00,https://storage.googleapis.com/download/storage/v1/b/biddimarket-assets/o/1520016-5db142f8-1dba-4814-8353-7cb9843d46f0.png?generation=1785774891745149&alt=media,لحوم طازجة,https://biddimarket.ps/orders/category/لحم-حبش-(-عاشور)/product/1520016,
مفرومة سفاين حبش طازج 500غم ( عاشور ),18.00,https://storage.googleapis.com/download/storage/v1/b/biddimarket-assets/o/1520017-3abdf204-ec0b-4943-be83-e579fc2ed315.png?generation=1785774915072069&alt=media,لحوم طازجة,https://biddimarket.ps/orders/category/لحم-حبش-(-عاشور)/product/1520017,
مفرومة فخاد حبش طازج 500غم ( عاشور ),21.00,https://storage.googleapis.com/download/storage/v1/b/biddimarket-assets/o/1520018-65c7bd76-120b-4128-9250-ebff63c1f71a.png?generation=1785774934605513&alt=media,لحوم طازجة,https://biddimarket.ps/orders/category/لحم-حبش-(-عاشور)/product/1520018,
صدر دجاج مسحب ستيك طازج 500غم ( عاشور ),21.00,https://storage.googleapis.com/download/storage/v1/b/biddimarket-assets/o/1530001-3b355de9-6654-4e4d-8fee-1b5b64119931.png?generation=1785775156642921&alt=media,لحوم طازجة,https://biddimarket.ps/orders/category/لحم-دجاج-(طازج-ومفرز)/product/1530001,
صدر دجاج مسحب راس عصفور طازج 500غم ( عاشور ),21.00,https://storage.googleapis.com/download/storage/v1/b/biddimarket-assets/o/1530002-c2b0f492-4511-460b-b954-246fd3dc3e1d.png?generation=1785775644714120&alt=media,لحوم طازجة,https://biddimarket.ps/orders/category/لحم-دجاج-(طازج-ومفرز)/product/1530002,
شاورما صدر دجاج طازج 500غم ( عاشور ),21.00,https://storage.googleapis.com/download/storage/v1/b/biddimarket-assets/o/1530004-98bc6dba-7697-4df6-b5bb-be8713a26738.png?generation=1785775175003142&alt=media,لحوم طازجة,https://biddimarket.ps/orders/category/لحم-دجاج-(طازج-ومفرز)/product/1530004,
شاورما فخاذ دجاج طازج 500غم ( عاشور ),19.00,https://storage.googleapis.com/download/storage/v1/b/biddimarket-assets/o/1530005-602905b9-d67c-478a-b1b6-bcb3bd864da3.png?generation=1785775191883261&alt=media,لحوم طازجة,https://biddimarket.ps/orders/category/لحم-دجاج-(طازج-ومفرز)/product/1530005,
فخاد دجاج مسحب ستيك طازج 500غم ( عاشور ),19.00,https://storage.googleapis.com/download/storage/v1/b/biddimarket-assets/o/1530006-ef7911c7-e509-4962-b61f-9b5de5b28239.png?generation=1785775225240872&alt=media,لحوم طازجة,https://biddimarket.ps/orders/category/لحم-دجاج-(طازج-ومفرز)/product/1530006,
خبز عادي 1 شيقل,1.00,https://storage.googleapis.com/download/storage/v1/b/biddimarket-assets/o/130001-130001-ai-optimized.png?generation=1768045906904114&alt=media,مخبوزات,https://biddimarket.ps/orders/category/مخبوزات/product/130001,
خبز تورتيلا علي 30 سم 10 قطع,12.00,https://storage.googleapis.com/download/storage/v1/b/biddimarket-assets/o/130002-130002-ai-optimized.png?generation=1768046001066116&alt=media,مخبوزات,https://biddimarket.ps/orders/category/مخبوزات/product/130002,
خبز تورتيلا علي 25 سم 10 قطع,11.00,https://storage.googleapis.com/download/storage/v1/b/biddimarket-assets/o/130004-130004-ai-optimized.png?generation=1768046035814926&alt=media,مخبوزات,https://biddimarket.ps/orders/category/مخبوزات/product/130004,
خبز برغر 5 قطع,4.00,https://storage.googleapis.com/download/storage/v1/b/biddimarket-assets/o/130005-130005-ai-optimized.png?generation=1768047018817288&alt=media,مخبوزات,https://biddimarket.ps/orders/category/مخبوزات/product/130005,
خبز توست اسود شرائح دوليسول,12.00,https://storage.googleapis.com/download/storage/v1/b/biddimarket-assets/o/130011-130011-ai-optimized.png?generation=1768046663439807&alt=media,مخبوزات,https://biddimarket.ps/orders/category/مخبوزات/product/130011,
خبز تورتيلا لزيزة 6 قطع 30سم,8.00,https://storage.googleapis.com/download/storage/v1/b/biddimarket-assets/o/130034-130034-ai-optimized.png?generation=1768048113017500&alt=media,مخبوزات,https://biddimarket.ps/orders/category/مخبوزات/product/130034,
قرشلة الشارقة 700غم,10.00,https://storage.googleapis.com/download/storage/v1/b/biddimarket-assets/o/130043-130043-ai-optimized.png?generation=1768048325188880&alt=media,مخبوزات,https://biddimarket.ps/orders/category/مخبوزات/product/130043,
خبز تورتيلا قمح علي 25 سم 10قطع,12.00,https://storage.googleapis.com/download/storage/v1/b/biddimarket-assets/o/130003-b29a31c5-0d0d-4226-979d-686fa3f2197a.png?generation=1785495251733709&alt=media,مخبوزات,https://biddimarket.ps/orders/category/مخبوزات/product/130003,
خبز فينو مقطع,5.00,https://storage.googleapis.com/download/storage/v1/b/biddimarket-assets/o/130006-ad4e73cd-b19b-4d57-a2b9-2eb6d2e0d1c4.png?generation=1772564471300880&alt=media,مخبوزات,https://biddimarket.ps/orders/category/مخبوزات/product/130006,
خبز بكيت,4.00,https://storage.googleapis.com/download/storage/v1/b/biddimarket-assets/o/130007-ee7b1570-23fe-4a5e-bb81-378d641898fc.png?generation=1784807936603463&alt=media,مخبوزات,https://biddimarket.ps/orders/category/مخبوزات/product/130007,
قرشلة علبة,10.00,https://storage.googleapis.com/download/storage/v1/b/biddimarket-assets/o/130010-f56cbb8e-4d06-4061-aded-1ff1b67a6943.png?generation=1784808727813999&alt=media,مخبوزات,https://biddimarket.ps/orders/category/مخبوزات/product/130010,
خبز فينو مقطع قمح,5.00,https://storage.googleapis.com/download/storage/v1/b/biddimarket-assets/o/130016-66054d9e-5826-4bd2-9e82-3cc901f13386.png?generation=1785499222316607&alt=media,مخبوزات,https://biddimarket.ps/orders/category/مخبوزات/product/130016,
خبز بكيت بالسمسم,4.00,https://storage.googleapis.com/download/storage/v1/b/biddimarket-assets/o/130017-0d4447b5-6047-4675-9be1-8e654a09cb04.png?generation=1784808092243387&alt=media,مخبوزات,https://biddimarket.ps/orders/category/مخبوزات/product/130017,
خبز برغر 5 قطع بالسمسم,4.00,https://storage.googleapis.com/download/storage/v1/b/biddimarket-assets/o/130018-07002adf-7498-452b-a706-8e467655813e.png?generation=1786203555272665&alt=media,مخبوزات,https://biddimarket.ps/orders/category/مخبوزات/product/130018,
قرشلة عادل 700 غم,10.00,https://storage.googleapis.com/download/storage/v1/b/biddimarket-assets/o/130032-cecf2391-7825-4cac-94cc-c761d55afbd0.png?generation=1786203351130059&alt=media,مخبوزات,https://biddimarket.ps/orders/category/مخبوزات/product/130032,
خبز لبناني اسمر,5.00,https://storage.googleapis.com/download/storage/v1/b/biddimarket-assets/o/130033-437f3127-54e8-4bbb-97c6-42d4fcdce079.png?generation=1784808835536384&alt=media,مخبوزات,https://biddimarket.ps/orders/category/مخبوزات/product/130033,
خبز توست بالقمح النور,8.00,https://storage.googleapis.com/download/storage/v1/b/biddimarket-assets/o/130040-24b7c7bf-192f-465b-b949-b1bb7ad318ab.png?generation=1784808326461436&alt=media,مخبوزات,https://biddimarket.ps/orders/category/مخبوزات/product/130040,
خبز توست ابيض النور,7.00,https://storage.googleapis.com/download/storage/v1/b/biddimarket-assets/o/130041-df0cf37e-26f3-4153-8b0e-c14b33621c87.png?generation=1784808641447685&alt=media,مخبوزات,https://biddimarket.ps/orders/category/مخبوزات/product/130041,
خبز توست بالحبوب النور,8.00,https://storage.googleapis.com/download/storage/v1/b/biddimarket-assets/o/130042-63412dd6-e076-4307-93e5-9feaa03c0ff2.png?generation=1784808505763668&alt=media,مخبوزات,https://biddimarket.ps/orders/category/مخبوزات/product/130042,
تورتيلا 15سم 10 قطع علي,7.00,https://storage.googleapis.com/download/storage/v1/b/biddimarket-assets/o/130048-693edf17-a9ed-4d43-afa3-e3076e1c17cb.png?generation=1770735451693944&alt=media,مخبوزات,https://biddimarket.ps/orders/category/مخبوزات/product/130048,
خبز تورتيلا علي مشوي 25 سم 8 قطع,12.00,https://storage.googleapis.com/download/storage/v1/b/biddimarket-assets/o/130026-5e7eec15-a949-4e7c-a130-c65d133dc65a.png?generation=1773951015651798&alt=media,مخبوزات,https://biddimarket.ps/orders/category/مخبوزات/product/130026,
خبز النور بجيت قمح,6.00,https://storage.googleapis.com/download/storage/v1/b/biddimarket-assets/o/130051-4ce973f3-3941-48ec-af47-29cca66c613f.png?generation=1785154584694831&alt=media,مخبوزات,https://biddimarket.ps/orders/category/مخبوزات/product/130051,
خضار مشكلة الاسلامية 500غم,7.00,https://storage.googleapis.com/download/storage/v1/b/biddimarket-assets/o/090119-090119-ai-optimized.png?generation=1768139511510553&alt=media,مجمدات,https://biddimarket.ps/orders/category/خضراوات-مجمدة/product/090119,
خضار مشكلة الباشا 700غم,8.00,https://storage.googleapis.com/download/storage/v1/b/biddimarket-assets/o/090002-25741500-1c52-42fa-948a-e53951044f01.png?generation=1784809900218552&alt=media,مجمدات,https://biddimarket.ps/orders/category/خضراوات-مجمدة/product/090002,
بطاطا الباشا 700غم,9.00,https://storage.googleapis.com/download/storage/v1/b/biddimarket-assets/o/090003-c1acd590-d04e-460d-8b0b-3d8ca0e91858.png?generation=1786204139549585&alt=media,مجمدات,https://biddimarket.ps/orders/category/خضراوات-مجمدة/product/090003,
بازيلاء الباشا 700غم,9.00,https://storage.googleapis.com/download/storage/v1/b/biddimarket-assets/o/090004-1af62797-bb95-4d3f-a002-c72461533ae0.png?generation=1786204273621138&alt=media,مجمدات,https://biddimarket.ps/orders/category/خضراوات-مجمدة/product/090004,
بازيلاء مع جزر الباشا 700غم,8.00,https://storage.googleapis.com/download/storage/v1/b/biddimarket-assets/o/090005-41e3d76d-bde1-4799-9abf-d0750f5c1b60.png?generation=1784809260051104&alt=media,مجمدات,https://biddimarket.ps/orders/category/خضراوات-مجمدة/product/090005,
فاصولياء خضراء الباشا 700غم,9.00,https://storage.googleapis.com/download/storage/v1/b/biddimarket-assets/o/090006-71593337-59a7-441c-b37f-b812f70db75e.png?generation=1784810817371865&alt=media,مجمدات,https://biddimarket.ps/orders/category/خضراوات-مجمدة/product/090006,
ذرة الباشا 700غم,12.00,https://storage.googleapis.com/download/storage/v1/b/biddimarket-assets/o/090007-38c7996f-66af-43e6-9f97-606fd9511790.png?generation=1784810538819352&alt=media,مجمدات,https://biddimarket.ps/orders/category/خضراوات-مجمدة/product/090007,
بامية زيرو 400غم,7.00,https://storage.googleapis.com/download/storage/v1/b/biddimarket-assets/o/090010-2ab61ca2-ad18-4081-bfdd-c4fb8bce1259.png?generation=1784810957740529&alt=media,مجمدات,https://biddimarket.ps/orders/category/خضراوات-مجمدة/product/090010,
ذرة مجمدة 2.5 كغم,35.00,https://storage.googleapis.com/download/storage/v1/b/biddimarket-assets/o/090011-1cf54552-8a0c-4997-ae54-dd1febb770f5.png?generation=1784985733249311&alt=media,مجمدات,https://biddimarket.ps/orders/category/خضراوات-مجمدة/product/090011,
بطاطا ميلوتال 1.5 كيلو كلاسيك,21.00,https://storage.googleapis.com/download/storage/v1/b/biddimarket-assets/o/090021-9fc2befc-57d4-48ba-be8c-fad2e8be65fb.png?generation=1784985660135560&alt=media,مجمدات,https://biddimarket.ps/orders/category/بطاطا-مجمدة/product/090021,
بطاطا ميلوتال ستيك 1.5 كغم,20.00,https://storage.googleapis.com/download/storage/v1/b/biddimarket-assets/o/090023-39d29a86-9025-4fde-82f7-ad3ebbbd4e7e.png?generation=1772994537012638&alt=media,مجمدات,https://biddimarket.ps/orders/category/بطاطا-مجمدة/product/090023,
بطاطا تابوغان 2 كغم,26.00,https://storage.googleapis.com/download/storage/v1/b/biddimarket-assets/o/090025-cd4e434e-4fad-4d10-9e25-33c19c684a9f.png?generation=1784985579377382&alt=media,مجمدات,https://biddimarket.ps/orders/category/بطاطا-مجمدة/product/090025,
بطاطا طابات طابوجان 700غم,18.00,https://storage.googleapis.com/download/storage/v1/b/biddimarket-assets/o/090029-d37110df-d76e-4ef2-8aed-b6ff10e6a2c2.png?generation=1784985508418698&alt=media,مجمدات,https://biddimarket.ps/orders/category/بطاطا-مجمدة/product/090029,
فاصوليا خضراء 800 غم ويلي فود,11.00,https://storage.googleapis.com/download/storage/v1/b/biddimarket-assets/o/090034-0d50b46c-e4fc-4308-a484-a1702e873317.png?generation=1783550546111523&alt=media,مجمدات,https://biddimarket.ps/orders/category/خضراوات-مجمدة/product/090034,
ذرة ويلي فود 800غم,13.00,https://storage.googleapis.com/download/storage/v1/b/biddimarket-assets/o/090035-5d061ece-7411-4908-9496-c536b4ab5c0a.png?generation=1786203902309391&alt=media,مجمدات,https://biddimarket.ps/orders/category/خضراوات-مجمدة/product/090035,
جمبري ماس مار 30/26 احمر 1 كغم,70.00,https://storage.googleapis.com/download/storage/v1/b/biddimarket-assets/o/090036-beb1e029-2b67-4c58-8254-0114c471976f.png?generation=1784985444839779&alt=media,مجمدات,https://biddimarket.ps/orders/category/اسماك-مجمدة/product/090036,
جمبري ماس مار 16/20 اسود 1 كغم,75.00,https://storage.googleapis.com/download/storage/v1/b/biddimarket-assets/o/090038-f696464a-9902-4d89-bc53-771c36d264de.png?generation=1786204369990388&alt=media,مجمدات,https://biddimarket.ps/orders/category/اسماك-مجمدة/product/090038,
سمك فيليه ماس ماس مار 1 كغم,25.00,https://storage.googleapis.com/download/storage/v1/b/biddimarket-assets/o/090040-d26c093d-262f-474f-a814-f91c280b93ed.png?generation=1786204457570262&alt=media,مجمدات,https://biddimarket.ps/orders/category/اسماك-مجمدة/product/090040,
سجاير لحمة نيتو 600 غم,15.00,https://storage.googleapis.com/download/storage/v1/b/biddimarket-assets/o/090058-47cd99b8-fd17-43b9-8a21-a687177cc2c2.png?generation=1784986014026335&alt=media,مجمدات,https://biddimarket.ps/orders/category/معجنات-مجمدة/product/090058,
بوريكس جبنة نيتو 800 غم,20.00,https://storage.googleapis.com/download/storage/v1/b/biddimarket-assets/o/090059-ae085b5c-934e-4d5f-b887-1e0aa052cab7.png?generation=1772994483861560&alt=media,مجمدات,https://biddimarket.ps/orders/category/معجنات-مجمدة/product/090059,
بوريكس بطاطا نيتو 800غم,20.00,https://storage.googleapis.com/download/storage/v1/b/biddimarket-assets/o/090060-530a7462-4b63-4f1a-bcaa-7b5e4bdfeac5.png?generation=1784984602146275&alt=media,مجمدات,https://biddimarket.ps/orders/category/معجنات-مجمدة/product/090060,
سجاير بطاطا نيتو 600غم,15.00,https://storage.googleapis.com/download/storage/v1/b/biddimarket-assets/o/090061-4e8da166-287a-4420-b66d-97b6958a5ce2.png?generation=1784985899880568&alt=media,مجمدات,https://biddimarket.ps/orders/category/معجنات-مجمدة/product/090061,
ملوح نيتو,15.00,https://storage.googleapis.com/download/storage/v1/b/biddimarket-assets/o/090062-61222610-9598-4c20-842d-a226594d2dc6.png?generation=1784984682677171&alt=media,مجمدات,https://biddimarket.ps/orders/category/معجنات-مجمدة/product/090062,
عجينة فيلو نيتو,20.00,https://storage.googleapis.com/download/storage/v1/b/biddimarket-assets/o/090069-311a3544-1157-43bd-b31b-a11b5f651f15.png?generation=1786204548437604&alt=media,مجمدات,https://biddimarket.ps/orders/category/معجنات-مجمدة/product/090069,
كرسبي كريم كلاسيك,29.00,https://storage.googleapis.com/download/storage/v1/b/biddimarket-assets/o/090081-645c021c-6252-43bb-ab28-d1365b25d4bc.png?generation=1786204666603872&alt=media,مجمدات,https://biddimarket.ps/orders/category/لحوم/product/090081,
نجتس صدر دجاج الاسلامية 700 غم,16.00,https://storage.googleapis.com/download/storage/v1/b/biddimarket-assets/o/090082-b82a9857-914e-4d26-8d5b-55ec676cd53a.png?generation=1783560288218843&alt=media,مجمدات,https://biddimarket.ps/orders/category/لحوم/product/090082,
شنتسل دجاج مقرمش الاسلامية 700 غم,15.00,https://storage.googleapis.com/download/storage/v1/b/biddimarket-assets/o/090083-c889a278-4e39-455e-aec1-ce50b70ac15e.png?generation=1784986194820579&alt=media,مجمدات,https://biddimarket.ps/orders/category/لحوم/product/090083,
شنتسل دجاج حلقات الاسلامية,16.00,https://storage.googleapis.com/download/storage/v1/b/biddimarket-assets/o/090084-2b765e1c-0b2c-453e-93b9-c5bc44d5ae5c.png?generation=1784987234577449&alt=media,مجمدات,https://biddimarket.ps/orders/category/لحوم/product/090084,
كرسبي ايوب حار,29.00,https://storage.googleapis.com/download/storage/v1/b/biddimarket-assets/o/090085-ec1927ce-1d7f-498e-8790-8ff22e2f5f70.png?generation=1784987150017832&alt=media,مجمدات,https://biddimarket.ps/orders/category/لحوم/product/090085,
دبابيس دجاج كرسبي كريم 800غم,35.00,https://storage.googleapis.com/download/storage/v1/b/biddimarket-assets/o/090086-94dd7556-f1a3-45fc-a103-efb6fb105422.png?generation=1784987056265320&alt=media,مجمدات,https://biddimarket.ps/orders/category/لحوم/product/090086,
بطاطا ميلوتال 2.5 كغم,28.00,https://storage.googleapis.com/download/storage/v1/b/biddimarket-assets/o/090096-0835c8e4-b0fa-4402-aa79-193aa96aae8c.png?generation=1784984758117598&alt=media,مجمدات,https://biddimarket.ps/orders/category/بطاطا-مجمدة/product/090096,
شنتسل امريكي جولدن فود,12.00,https://storage.googleapis.com/download/storage/v1/b/biddimarket-assets/o/090099-4c2a1f74-15b3-49c1-8fce-0a675388ce86.png?generation=1784984810541251&alt=media,مجمدات,https://biddimarket.ps/orders/category/لحوم/product/090099,
شنتسل حلقات,12.00,https://storage.googleapis.com/download/storage/v1/b/biddimarket-assets/o/090100-5bc24c24-259b-4979-b145-11c66d92e55e.png?generation=1784984885664320&alt=media,مجمدات,https://biddimarket.ps/orders/category/لحوم/product/090100,
حلقات بصل اوسم 700غم,20.00,https://storage.googleapis.com/download/storage/v1/b/biddimarket-assets/o/090105-4ef629ef-b57d-4c09-a36e-ecb351720da5.png?generation=1786204788698404&alt=media,مجمدات,https://biddimarket.ps/orders/category/خضراوات-مجمدة/product/090105,
ملوخية ابو سلمي,12.00,https://storage.googleapis.com/download/storage/v1/b/biddimarket-assets/o/090108-d6a53991-5601-4fbd-a4ba-a042cd69034e.png?generation=1784986881553326&alt=media,مجمدات,https://biddimarket.ps/orders/category/خضراوات-مجمدة/product/090108,
فاصولياء صفراء الباشا 700غم,9.00,https://storage.googleapis.com/download/storage/v1/b/biddimarket-assets/o/090110-e06f721e-4ab4-4b3d-8690-31af30636330.png?generation=1784986469648833&alt=media,مجمدات,https://biddimarket.ps/orders/category/خضراوات-مجمدة/product/090110,
فاصولياء خضراء تيفا فروست 800غم,14.00,https://storage.googleapis.com/download/storage/v1/b/biddimarket-assets/o/090113-b25e5481-7c7a-4b74-a33c-a0dfed1e0c46.png?generation=1786203981160143&alt=media,مجمدات,https://biddimarket.ps/orders/category/خضراوات-مجمدة/product/090113,
بازيلاء مع جزر تيفا فروست 800غم,12.00,https://storage.googleapis.com/download/storage/v1/b/biddimarket-assets/o/090116-a584eef0-04f8-43cb-bc63-b2af201451ea.png?generation=1784987556686262&alt=media,مجمدات,https://biddimarket.ps/orders/category/خضراوات-مجمدة/product/090116,
بازيلاء الاسلامية 500غم,8.00,https://storage.googleapis.com/download/storage/v1/b/biddimarket-assets/o/090117-b6877ccc-c091-4212-ae6d-97df74134eea.png?generation=1784987431654628&alt=media,مجمدات,https://biddimarket.ps/orders/category/خضراوات-مجمدة/product/090117,
بازيلاء مع جزر الاسلامية 500غم,7.00,https://storage.googleapis.com/download/storage/v1/b/biddimarket-assets/o/090118-f953e2a1-7b21-462c-920c-f2173243726f.png?generation=1784987350052804&alt=media,مجمدات,https://biddimarket.ps/orders/category/خضراوات-مجمدة/product/090118,
ذرة الاسلامية 500غم,8.00,https://storage.googleapis.com/download/storage/v1/b/biddimarket-assets/o/090120-1e1793cf-8f6e-4e3a-963e-8bdef55e9b63.png?generation=1784994333951387&alt=media,مجمدات,https://biddimarket.ps/orders/category/خضراوات-مجمدة/product/090120,
ذرة الهناء 400غم,6.00,https://storage.googleapis.com/download/storage/v1/b/biddimarket-assets/o/090122-081644af-fafb-4f20-860d-6d94035a3d7e.png?generation=1786204884356080&alt=media,مجمدات,https://biddimarket.ps/orders/category/خضراوات-مجمدة/product/090122,
جزر تيفا فروست 800غم,14.00,https://storage.googleapis.com/download/storage/v1/b/biddimarket-assets/o/090128-beb51886-e23a-440b-b7de-89ad959d763b.png?generation=1784990212020920&alt=media,مجمدات,https://biddimarket.ps/orders/category/خضراوات-مجمدة/product/090128,
جزر الحجار 500غم,6.00,https://storage.googleapis.com/download/storage/v1/b/biddimarket-assets/o/090138-f46f2d0e-eacc-455c-9ea4-be5092d8bcf9.png?generation=1784985071234059&alt=media,مجمدات,https://biddimarket.ps/orders/category/خضراوات-مجمدة/product/090138,
جزر صغير مجمد الاسلامية 500غم,8.00,https://storage.googleapis.com/download/storage/v1/b/biddimarket-assets/o/090141-e3b1e479-49b0-4dca-a157-f33a99ac15d9.png?generation=1784990057927464&alt=media,مجمدات,https://biddimarket.ps/orders/category/خضراوات-مجمدة/product/090141,
اصابع متزاريلا سنيورة 350غم,18.00,https://storage.googleapis.com/download/storage/v1/b/biddimarket-assets/o/090149-9d923b10-5ca2-4038-8cdf-cd3d2a70d682.png?generation=1784989968265018&alt=media,مجمدات,https://biddimarket.ps/orders/category/خضراوات-مجمدة/product/090149,
خضار مشكلة امبورغ 450غم,8.00,https://storage.googleapis.com/download/storage/v1/b/biddimarket-assets/o/090151-b17f1a4b-1547-4e7b-8ac0-d8cad98f1001.png?generation=1784989861121342&alt=media,مجمدات,https://biddimarket.ps/orders/category/خضراوات-مجمدة/product/090151,
بازيلا مجمدة امبورغ 450غم,8.00,https://storage.googleapis.com/download/storage/v1/b/biddimarket-assets/o/090152-062aa71c-c686-44d3-8236-a025a2e31948.png?generation=1784996898921000&alt=media,مجمدات,https://biddimarket.ps/orders/category/خضراوات-مجمدة/product/090152,
شرائح فطر مجمدة امبورغ 450غم,10.00,https://storage.googleapis.com/download/storage/v1/b/biddimarket-assets/o/090161-b494c4e7-e3d4-4282-8a1a-7f0a5320a54e.png?generation=1784994681002291&alt=media,مجمدات,https://biddimarket.ps/orders/category/خضراوات-مجمدة/product/090161,
فول الصويا خضراء امبورغ 400غم,15.00,https://storage.googleapis.com/download/storage/v1/b/biddimarket-assets/o/090164-e69cdd5c-cdce-4d61-8580-4230ea2b301b.png?generation=1784990465671999&alt=media,مجمدات,https://biddimarket.ps/orders/category/خضراوات-مجمدة/product/090164,
فيروز اناناس علب 330 مل,3.00,https://storage.googleapis.com/download/storage/v1/b/biddimarket-assets/o/070021-IMG_4948-no-bg.png?generation=1733907348035086&alt=media,مشروبات,https://biddimarket.ps/orders/category/غازية-منوعة/product/070021,
عصير كابي جريبفروت 330مل,2.00,https://storage.googleapis.com/download/storage/v1/b/biddimarket-assets/o/1200111-IMG_E4619-no-bg.png?generation=1733840048673763&alt=media,مشروبات,https://biddimarket.ps/orders/category/عصير-صغير/product/1200111,
عصير اورجينال جوافة 1.5لتر,6.00,https://storage.googleapis.com/download/storage/v1/b/biddimarket-assets/o/1200139-IMG_8239-no-bg.png?generation=1759331643898823&alt=media,مشروبات,https://biddimarket.ps/orders/category/عصير-كبير/product/1200139,
ماء اكوا مني 330 مل,1.00,https://storage.googleapis.com/download/storage/v1/b/biddimarket-assets/o/1210010-IMG_E4630-no-bg.png?generation=1733840218044122&alt=media,مشروبات,https://biddimarket.ps/orders/category/مياة-معدنية/product/1210010,
سن توب برتقال 125مل,1.00,https://storage.googleapis.com/download/storage/v1/b/biddimarket-assets/o/1180024-IMG_E1982-no-bg.png?generation=1730985803548036&alt=media,مشروبات,https://biddimarket.ps/orders/category/عصير-كرتون/product/1180024,
عصير مراعي برتقال 235مل,1.00,https://storage.googleapis.com/download/storage/v1/b/biddimarket-assets/o/1180028-IMG_6748-no-bg.png?generation=1736340928403863&alt=media,مشروبات,https://biddimarket.ps/orders/category/عصير-كرتون/product/1180028,
عصير جمب بسيفلورا ومانجا 1.5 لتر,7.00,https://storage.googleapis.com/download/storage/v1/b/biddimarket-assets/o/1190031-IMG_E3500-no-bg.png?generation=1731945460360741&alt=media,مشروبات,https://biddimarket.ps/orders/category/عصير-كبير/product/1190031,
عصير اورجينال تفاح 1.5لتر,6.00,https://storage.googleapis.com/download/storage/v1/b/biddimarket-assets/o/1190035-IMG_E2172-no-bg.png?generation=1730985943392538&alt=media,مشروبات,https://biddimarket.ps/orders/category/عصير-كبير/product/1190035,
عصير ريحان زجاج مانجا 290مل,3.00,https://storage.googleapis.com/download/storage/v1/b/biddimarket-assets/o/1200074-IMG_E1919-no-bg.png?generation=1730986176634545&alt=media,مشروبات,https://biddimarket.ps/orders/category/عصير-صغير/product/1200074,
مياه عين اسيا 1.5 لتر,2.00,https://storage.googleapis.com/download/storage/v1/b/biddimarket-assets/o/070001-85cc4d80-465d-4e4d-adcb-7863607a4806.png?generation=1785246292978984&alt=media,مشروبات,https://biddimarket.ps/orders/category/مياة-معدنية/product/070001,
فرش توت 200 مل,2.00,https://storage.googleapis.com/download/storage/v1/b/biddimarket-assets/o/070002-ea58cf32-2078-4c20-8f27-93103979fe34.png?generation=1785181043074699&alt=media,مشروبات,https://biddimarket.ps/orders/category/غازية-منوعة/product/070002,
فرش صودا 200 مل,2.00,https://storage.googleapis.com/download/storage/v1/b/biddimarket-assets/o/070004-b80ae9cd-5924-4a08-922c-f463bf4f0300.png?generation=1785181133108688&alt=media,مشروبات,https://biddimarket.ps/orders/category/غازية-منوعة/product/070004,
عصير بيست جوافة 250 مل,2.50,https://storage.googleapis.com/download/storage/v1/b/biddimarket-assets/o/070014-f02e242c-7497-4353-ba92-f14bf4e3f86e.png?generation=1785005430629294&alt=media,مشروبات,https://biddimarket.ps/orders/category/عصير-صغير/product/070014,
بفاريا تفاح علب 150 مل,1.50,https://storage.googleapis.com/download/storage/v1/b/biddimarket-assets/o/070016-da3ef1aa-540c-482c-a83d-9baeb08ab5a6.png?generation=1785178307373691&alt=media,مشروبات,https://biddimarket.ps/orders/category/غازية-منوعة/product/070016,
فيروز اناناس زجاج 275مل,3.00,https://storage.googleapis.com/download/storage/v1/b/biddimarket-assets/o/070018-0dfdf257-db64-4372-8c9d-e62d50fbe514.png?generation=1785181287229838&alt=media,مشروبات,https://biddimarket.ps/orders/category/غازية-منوعة/product/070018,
عصير اكتف فراولة 125مل,1.00,https://storage.googleapis.com/download/storage/v1/b/biddimarket-assets/o/070019-50fa5bca-3249-4c8e-a942-629b5a3ccd22.png?generation=1785246184255684&alt=media,مشروبات,https://biddimarket.ps/orders/category/شوكو-فراولة-سائل/product/070019,
كولا شات برتقال 250 مل,1.00,https://storage.googleapis.com/download/storage/v1/b/biddimarket-assets/o/070022-fa634aa8-2636-45de-b5d0-82293cdc2218.png?generation=1785181565799586&alt=media,مشروبات,https://biddimarket.ps/orders/category/غازية-منوعة/product/070022,
بفاريا رمان 1 لتر,5.00,https://storage.googleapis.com/download/storage/v1/b/biddimarket-assets/o/070024-1be4218a-a030-4097-85f4-e33073c59674.png?generation=1785182116865654&alt=media,مشروبات,https://biddimarket.ps/orders/category/غازية-منوعة/product/070024,
مشروب طاقة كول 150مل,1.00,https://storage.googleapis.com/download/storage/v1/b/biddimarket-assets/o/070029-IMG_0020.jpg?generation=1766229907515724&alt=media,مشروبات,https://biddimarket.ps/orders/category/مشروبات-طاقة/product/070029,
قازوز برتقال زجاج 250مل,2.50,https://storage.googleapis.com/download/storage/v1/b/biddimarket-assets/o/070031-a0bb74de-281f-4286-b4e7-366a8891bef4.png?generation=1785179813543651&alt=media,مشروبات,https://biddimarket.ps/orders/category/غازية-منوعة/product/070031,
قازوز توت 1 لتر,5.00,https://storage.googleapis.com/download/storage/v1/b/biddimarket-assets/o/070033-b2ecb799-5378-4acb-8013-1d2776dc1d63.png?generation=1785180020511139&alt=media,مشروبات,https://biddimarket.ps/orders/category/غازية-منوعة/product/070033,
كولا شات فراولة 250مل,1.00,https://storage.googleapis.com/download/storage/v1/b/biddimarket-assets/o/070036-1544e39b-d906-46db-b265-402ee47cf397.png?generation=1785180672644977&alt=media,مشروبات,https://biddimarket.ps/orders/category/غازية-منوعة/product/070036,
درنكو ليتشي بلاستك 250مل,2.00,https://storage.googleapis.com/download/storage/v1/b/biddimarket-assets/o/070042-011b84c9-e753-4db4-8706-583150ab3292.png?generation=1785005508858630&alt=media,مشروبات,https://biddimarket.ps/orders/category/عصير-صغير/product/070042,
بفاريا تفاح علب 330 مل,3.00,https://storage.googleapis.com/download/storage/v1/b/biddimarket-assets/o/070044-b4277820-a493-4220-8a55-818632577223.png?generation=1785177105100943&alt=media,مشروبات,https://biddimarket.ps/orders/category/غازية-منوعة/product/070044,
كولا كلوب اسود 250 مل,1.00,https://storage.googleapis.com/download/storage/v1/b/biddimarket-assets/o/070045-9dce1dac-37bf-4038-917a-0eb4b59c08f9.png?generation=1785157519847208&alt=media,مشروبات,https://biddimarket.ps/orders/category/كولا-وببسي/product/070045,
كولا شات عنب 250مل,1.00,https://storage.googleapis.com/download/storage/v1/b/biddimarket-assets/o/070047-6f9fd78d-5047-41b6-8d72-df93cb510141.png?generation=1785180821090229&alt=media,مشروبات,https://biddimarket.ps/orders/category/غازية-منوعة/product/070047,
كولا شات تفاح 250مل,1.00,https://storage.googleapis.com/download/storage/v1/b/biddimarket-assets/o/070048-936d5a3b-0a15-42a7-87d7-17ad49f56212.png?generation=1785177195166593&alt=media,مشروبات,https://biddimarket.ps/orders/category/غازية-منوعة/product/070048,
اورجينال مانجا علب 240 مل,2.00,https://storage.googleapis.com/download/storage/v1/b/biddimarket-assets/o/070051-091385b0-f5ba-44cb-9e7a-82c91e31330b.png?generation=1785011104629529&alt=media,مشروبات,https://biddimarket.ps/orders/category/عصير-صغير/product/070051,
شوكو شوكولاتة مراعي 200مل,1.50,https://storage.googleapis.com/download/storage/v1/b/biddimarket-assets/o/070052-ba1f0a34-099b-40d7-ae67-a9fc76863136.png?generation=1785244116919977&alt=media,مشروبات,https://biddimarket.ps/orders/category/شوكو-فراولة-سائل/product/070052,
عصير كرتون برتقال اورجينال 250مل,1.00,https://storage.googleapis.com/download/storage/v1/b/biddimarket-assets/o/070053-25fc2f86-d07f-4025-a82c-0d114002f353.png?generation=1785000296154244&alt=media,مشروبات,https://biddimarket.ps/orders/category/عصير-كرتون/product/070053,
عصير توب بلاستيك برتقال 400مل,1.00,https://storage.googleapis.com/download/storage/v1/b/biddimarket-assets/o/070055-1859e8fb-d785-4778-9dc2-c38503d416f2.png?generation=1785005595470284&alt=media,مشروبات,https://biddimarket.ps/orders/category/عصير-صغير/product/070055,
هايبي قزم 150مل,1.00,https://storage.googleapis.com/download/storage/v1/b/biddimarket-assets/o/070056-e0758d73-516b-4788-9e7b-7efcf4370216.png?generation=1785098440985622&alt=media,مشروبات,https://biddimarket.ps/orders/category/مشروبات-طاقة/product/070056,
فانتا برتقال علب 330 مل,2.00,https://storage.googleapis.com/download/storage/v1/b/biddimarket-assets/o/070058-a514aee4-73ea-4662-9aeb-213cb563d471.png?generation=1785157446490482&alt=media,مشروبات,https://biddimarket.ps/orders/category/كولا-وببسي/product/070058,
سبرايت علب 330 مل,2.00,https://storage.googleapis.com/download/storage/v1/b/biddimarket-assets/o/070064-8d567cc1-be1e-4a90-9592-e82e72001404.png?generation=1785157333615383&alt=media,مشروبات,https://biddimarket.ps/orders/category/كولا-وببسي/product/070064,
فروتي جولد 1 شيكل,1.00,https://storage.googleapis.com/download/storage/v1/b/biddimarket-assets/o/070072-a5a9e2b1-470c-47a6-ad6e-f0823ee2818c.png?generation=1785005784691307&alt=media,مشروبات,https://biddimarket.ps/orders/category/عصير-صغير/product/070072,
كوكاكولا زيرو علب 330 مل,2.00,https://storage.googleapis.com/download/storage/v1/b/biddimarket-assets/o/070073-fc26edba-1a27-4473-a0a4-e8ca45351560.png?generation=1785158004235814&alt=media,مشروبات,https://biddimarket.ps/orders/category/كولا-وببسي/product/070073,
كوكاكولا زيرو 1 لتر,3.50,https://storage.googleapis.com/download/storage/v1/b/biddimarket-assets/o/070077-fdd9a656-2361-449c-a765-a197f767846f.png?generation=1785157931435989&alt=media,مشروبات,https://biddimarket.ps/orders/category/كولا-وببسي/product/070077,
مشروب طاقة 150XLمل,2.50,https://storage.googleapis.com/download/storage/v1/b/biddimarket-assets/o/070078-e18f613d-d53d-4c79-b6fe-843c26368504.png?generation=1785098525261735&alt=media,مشروبات,https://biddimarket.ps/orders/category/مشروبات-طاقة/product/070078,
فانتا برتقال 1 لتر,3.50,https://storage.googleapis.com/download/storage/v1/b/biddimarket-assets/o/070079-fe16cfb4-b9fb-4098-b541-56b209618f34.png?generation=1785157875497483&alt=media,مشروبات,https://biddimarket.ps/orders/category/كولا-وببسي/product/070079,
سفن اب زجاج 250مل,2.00,https://storage.googleapis.com/download/storage/v1/b/biddimarket-assets/o/070080-770af5d4-7531-425b-b24b-1d34959e1ed0.png?generation=1785157796493819&alt=media,مشروبات,https://biddimarket.ps/orders/category/كولا-وببسي/product/070080,
كوكاكولا 1 لتر,3.50,https://storage.googleapis.com/download/storage/v1/b/biddimarket-assets/o/070081-674e3909-396a-48fd-9f4f-04531e70118f.png?generation=1785157709431240&alt=media,مشروبات,https://biddimarket.ps/orders/category/كولا-وببسي/product/070081,
سبرايت 1 لتر,3.50,https://storage.googleapis.com/download/storage/v1/b/biddimarket-assets/o/070086-efc1401e-70ba-4ffb-adc4-2eb8f3188fa2.png?generation=1785158762305977&alt=media,مشروبات,https://biddimarket.ps/orders/category/كولا-وببسي/product/070086,
كوكاكولا اسود قزم 150 مل,1.00,https://storage.googleapis.com/download/storage/v1/b/biddimarket-assets/o/070088-4026161e-a5fd-4094-9baa-cda42ef49ef7.png?generation=1785158656579482&alt=media,مشروبات,https://biddimarket.ps/orders/category/كولا-وببسي/product/070088,
مشروب طاقة اكس ال 250 مل,4.00,https://storage.googleapis.com/download/storage/v1/b/biddimarket-assets/o/070092-b2f62f0e-109d-48d6-8662-e2f9e33b98ef.png?generation=1785098619448179&alt=media,مشروبات,https://biddimarket.ps/orders/category/مشروبات-طاقة/product/070092,
مياه عين اسيا 500 مل,1.00,https://storage.googleapis.com/download/storage/v1/b/biddimarket-assets/o/070094-3be55f23-4c67-48db-98df-ba3214b3a537.png?generation=1785031937443777&alt=media,مشروبات,https://biddimarket.ps/orders/category/مياة-معدنية/product/070094,
عصير فيتا رمان 330 مل,3.00,https://storage.googleapis.com/download/storage/v1/b/biddimarket-assets/o/070095-5c76ba7c-96a2-4ef4-b1d2-906597b3bf5e.png?generation=1785005866214058&alt=media,مشروبات,https://biddimarket.ps/orders/category/عصير-صغير/product/070095,
عصير فيتا قشطة 330 مل بدون سكر,4.00,https://storage.googleapis.com/download/storage/v1/b/biddimarket-assets/o/070097-1b6f508b-6413-4620-a124-416bd767bd27.png?generation=1785006027169893&alt=media,مشروبات,https://biddimarket.ps/orders/category/عصير-صغير/product/070097,
كوكاكولا زجاج 250 مل,2.00,https://storage.googleapis.com/download/storage/v1/b/biddimarket-assets/o/070111-00e90af4-1a41-41b1-bb8a-765f9d92662e.png?generation=1785158303212024&alt=media,مشروبات,https://biddimarket.ps/orders/category/كولا-وببسي/product/070111,
سن توب فواكة 125مل,1.00,https://storage.googleapis.com/download/storage/v1/b/biddimarket-assets/o/070112-464cff80-0bdc-4b3b-a4a4-f844252860a9.png?generation=1785006103053948&alt=media,مشروبات,https://biddimarket.ps/orders/category/عصير-صغير/product/070112,
مياه عين اسيا 250 ملم,1.00,https://storage.googleapis.com/download/storage/v1/b/biddimarket-assets/o/070116-9bdf5cbc-97d8-48aa-b605-09143ab73a24.png?generation=1785243984711933&alt=media,مشروبات,https://biddimarket.ps/orders/category/مياة-معدنية/product/070116,
شامبو صانسيلك بني 350مل,10.00,https://storage.googleapis.com/download/storage/v1/b/biddimarket-assets/o/020209-IMG_0797-no-bg.png?generation=1728380826888352&alt=media,عناية شخصية,https://biddimarket.ps/orders/category/شامبو-شعر/product/020209,
شامبو صانسيلك اسود 600مل,14.00,https://storage.googleapis.com/download/storage/v1/b/biddimarket-assets/o/10437-d3e887b0-7c79-49ff-9d47-5541089129ce.png?generation=1786210600651435&alt=media,عناية شخصية,https://biddimarket.ps/orders/category/شامبو-شعر/product/10437,
شامبو 7 للشعر زهري 750مل,10.00,https://storage.googleapis.com/download/storage/v1/b/biddimarket-assets/o/020150-05d8f925-51c5-4fbb-a6bd-5fb4e196eecf.png?generation=1785593650797874&alt=media,عناية شخصية,https://biddimarket.ps/orders/category/شامبو-شعر/product/020150,
صابون هواي,3.00,https://storage.googleapis.com/download/storage/v1/b/biddimarket-assets/o/020164-7b8e5d0e-0890-430d-a0a4-b49b72a13d9a.png?generation=1785598654450086&alt=media,عناية شخصية,https://biddimarket.ps/orders/category/صابون/product/020164,
شامبو 7 للشعر نهدي 750مل,10.00,https://storage.googleapis.com/download/storage/v1/b/biddimarket-assets/o/020191-200d2cbd-316f-49f3-80dc-de2ecae96ba3.png?generation=1785590149172032&alt=media,عناية شخصية,https://biddimarket.ps/orders/category/شامبو-شعر/product/020191,
شامبو 7 للشعر 750 مل برتقالي,10.00,https://storage.googleapis.com/download/storage/v1/b/biddimarket-assets/o/020192-83c964c9-f7ab-4d94-ae42-4e222cef9712.png?generation=1785590280375448&alt=media,عناية شخصية,https://biddimarket.ps/orders/category/شامبو-شعر/product/020192,
شامبو صانسيلك برتقالي 600مل,14.00,https://storage.googleapis.com/download/storage/v1/b/biddimarket-assets/o/020194-e39e6b0b-3402-4b8d-983f-9f9568f82661.png?generation=1785592713398478&alt=media,عناية شخصية,https://biddimarket.ps/orders/category/شامبو-شعر/product/020194,
شامبو صانسيلك اصفر 600مل,14.00,https://storage.googleapis.com/download/storage/v1/b/biddimarket-assets/o/020195-b6ffe6fe-8754-4ee6-8e3c-084692c9af84.png?generation=1785590678830438&alt=media,عناية شخصية,https://biddimarket.ps/orders/category/شامبو-شعر/product/020195,
شامبو صانسيلك بني 600مل,14.00,https://storage.googleapis.com/download/storage/v1/b/biddimarket-assets/o/020196-7c4ebea4-ca2e-4585-a25f-da8fc5bf1b21.png?generation=1785590790070598&alt=media,عناية شخصية,https://biddimarket.ps/orders/category/شامبو-شعر/product/020196,
شامبو صانسيلك زهري 600مل,14.00,https://storage.googleapis.com/download/storage/v1/b/biddimarket-assets/o/020197-c028a6d4-7f1c-4a5f-b967-475f808160df.png?generation=1785590898711779&alt=media,عناية شخصية,https://biddimarket.ps/orders/category/شامبو-شعر/product/020197,
شامبو بانتين ازرق 350مل,12.00,https://storage.googleapis.com/download/storage/v1/b/biddimarket-assets/o/020202-1.png?generation=1785032210161171&alt=media,عناية شخصية,https://biddimarket.ps/orders/category/شامبو-شعر/product/020202,
شامبو صانسيلك زهري 350مل,10.00,https://storage.googleapis.com/download/storage/v1/b/biddimarket-assets/o/020207-2726e5cd-567c-44e3-a27a-a8a34a410a08.png?generation=1785590993094672&alt=media,عناية شخصية,https://biddimarket.ps/orders/category/شامبو-شعر/product/020207,
شامبو صانسيلك اصفر 350 مل,10.00,https://storage.googleapis.com/download/storage/v1/b/biddimarket-assets/o/020208-c24868e1-3e04-4330-9023-c34553a18c9b.png?generation=1785591088547813&alt=media,عناية شخصية,https://biddimarket.ps/orders/category/شامبو-شعر/product/020208,
بلسم 7 للشعر 750 مل زهري,10.00,https://storage.googleapis.com/download/storage/v1/b/biddimarket-assets/o/020216-7a2c80f2-e767-4142-ba72-6a9c9c18bf8b.png?generation=1785591213632535&alt=media,عناية شخصية,https://biddimarket.ps/orders/category/بلسم-شعر/product/020216,
بلسم 7 للشعر 750 مل اخضر,10.00,https://storage.googleapis.com/download/storage/v1/b/biddimarket-assets/o/020217-9f27c340-4d09-4384-908f-71449a84903e.png?generation=1785591349863173&alt=media,عناية شخصية,https://biddimarket.ps/orders/category/بلسم-شعر/product/020217,
بلسم 7 للشعر 750 مل اصفر,10.00,https://storage.googleapis.com/download/storage/v1/b/biddimarket-assets/o/020218-77ad2c46-da27-4631-a193-a156da84e42f.png?generation=1785591500690795&alt=media,عناية شخصية,https://biddimarket.ps/orders/category/بلسم-شعر/product/020218,
شامبو كلير للنساء ابيض ضد القشرة 360مل,10.00,https://storage.googleapis.com/download/storage/v1/b/biddimarket-assets/o/020221-856f314c-f799-48b4-842b-ab6a81b8857f.png?generation=1770907917772635&alt=media,عناية شخصية,https://biddimarket.ps/orders/category/شامبو-شعر/product/020221,
شامبو هيد اند شولدرز ضد القشرة 400مل,14.00,https://storage.googleapis.com/download/storage/v1/b/biddimarket-assets/o/020258-b431ac3b-a186-4ab3-aae2-da3f39477c40.png?generation=1785592057883586&alt=media,عناية شخصية,https://biddimarket.ps/orders/category/شامبو-شعر/product/020258,
شامبو كلير للشعر ضد تساقط الشعر للنساء 360 مل,10.00,https://storage.googleapis.com/download/storage/v1/b/biddimarket-assets/o/020261-abf49d4b-0e41-4b70-baab-67fa52dbf096.png?generation=1785599260669553&alt=media,عناية شخصية,https://biddimarket.ps/orders/category/شامبو-شعر/product/020261,
شامبو هيد اند شولدرز بالنعناع 400مل,15.00,https://storage.googleapis.com/download/storage/v1/b/biddimarket-assets/o/020269-22.png?generation=1785032316027768&alt=media,عناية شخصية,https://biddimarket.ps/orders/category/شامبو-شعر/product/020269,
شامبو هيد اند شولدرز تفاح 400مل,15.00,https://storage.googleapis.com/download/storage/v1/b/biddimarket-assets/o/020270-34.png?generation=1785032426351287&alt=media,عناية شخصية,https://biddimarket.ps/orders/category/شامبو-شعر/product/020270,
شامبو هيد اند شولدرز انسيابي وحريري 400مل,14.00,https://storage.googleapis.com/download/storage/v1/b/biddimarket-assets/o/020272-76.png?generation=1785032607824725&alt=media,عناية شخصية,https://biddimarket.ps/orders/category/شامبو-شعر/product/020272,
شاور جل ديفول ورد وحليب 3 لتر,20.00,https://storage.googleapis.com/download/storage/v1/b/biddimarket-assets/o/020277-32.png?generation=1785032783959353&alt=media,عناية شخصية,https://biddimarket.ps/orders/category/شامبو-شعر/product/020277,
شامبو الفيف مرطب 400مل,15.00,https://storage.googleapis.com/download/storage/v1/b/biddimarket-assets/o/020284-98.png?generation=1785033001755986&alt=media,عناية شخصية,https://biddimarket.ps/orders/category/شامبو-شعر/product/020284,
شامبو فور مي 1 لتر,15.00,https://storage.googleapis.com/download/storage/v1/b/biddimarket-assets/o/020287-123.png?generation=1785034269697787&alt=media,عناية شخصية,https://biddimarket.ps/orders/category/شامبو-شعر/product/020287,
جل استحمام نيفيا للرجال للجسم والوجه والشعر 250مل,15.00,https://storage.googleapis.com/download/storage/v1/b/biddimarket-assets/o/020289-665.png?generation=1785034434110199&alt=media,عناية شخصية,https://biddimarket.ps/orders/category/شامبو-شعر/product/020289,
شامبو كرياتين للشعر الدهني لويال 800مل,22.00,https://storage.googleapis.com/download/storage/v1/b/biddimarket-assets/o/020290-00.png?generation=1785034659800167&alt=media,عناية شخصية,https://biddimarket.ps/orders/category/شامبو-شعر/product/020290,
شامبو كرياتين للشعر التالف لويال 800غم,22.00,https://storage.googleapis.com/download/storage/v1/b/biddimarket-assets/o/020291-vv.png?generation=1785034993871049&alt=media,عناية شخصية,https://biddimarket.ps/orders/category/شامبو-شعر/product/020291,
شامبو كرياتين للشعر العادي لويال 800مل,22.00,https://storage.googleapis.com/download/storage/v1/b/biddimarket-assets/o/020292-fe54d04f-73e7-436f-8c9f-55bd03343487.png?generation=1785603692106948&alt=media,عناية شخصية,https://biddimarket.ps/orders/category/شامبو-شعر/product/020292,
شامبو كرياتين للشعر الجاف لويال 800مل,22.00,https://storage.googleapis.com/download/storage/v1/b/biddimarket-assets/o/020293-223.png?generation=1785035676536570&alt=media,عناية شخصية,https://biddimarket.ps/orders/category/شامبو-شعر/product/020293,
شامبو صانسيلك برتقالي 350مل,10.00,https://storage.googleapis.com/download/storage/v1/b/biddimarket-assets/o/020295-456.png?generation=1785036261724973&alt=media,عناية شخصية,https://biddimarket.ps/orders/category/شامبو-شعر/product/020295,
شامبو صانسيلك ازرق 350مل,10.00,https://storage.googleapis.com/download/storage/v1/b/biddimarket-assets/o/020304-33.png?generation=1785036441526107&alt=media,عناية شخصية,https://biddimarket.ps/orders/category/شامبو-شعر/product/020304,
شامبو بانتين ذهبي 750مل,27.00,https://storage.googleapis.com/download/storage/v1/b/biddimarket-assets/o/020307-765.png?generation=1785036884639556&alt=media,عناية شخصية,https://biddimarket.ps/orders/category/شامبو-شعر/product/020307,
شامبو 7 للشعر اصفر 750مل,10.00,https://storage.googleapis.com/download/storage/v1/b/biddimarket-assets/o/020313-3b5b3d75-b0f1-49d6-a4c1-48360459ad58.png?generation=1785594147260063&alt=media,عناية شخصية,https://biddimarket.ps/orders/category/شامبو-شعر/product/020313,
شامبو دوف للشعر الجاف 1لتر,28.00,https://storage.googleapis.com/download/storage/v1/b/biddimarket-assets/o/020315-623d9012-5ffc-484a-af6b-f70256a37ef3.png?generation=1770908609834126&alt=media,عناية شخصية,https://biddimarket.ps/orders/category/شامبو-شعر/product/020315,
شامبو بانتين اخضر 600مل,22.00,https://storage.googleapis.com/download/storage/v1/b/biddimarket-assets/o/020318-bc0501ed-0525-446b-a4ec-dcddefef2238.png?generation=1770903675634529&alt=media,عناية شخصية,https://biddimarket.ps/orders/category/شامبو-شعر/product/020318,
شامبو بانتين ذهبي 600مل,22.00,https://storage.googleapis.com/download/storage/v1/b/biddimarket-assets/o/020319-b28bb367-a71c-4da0-8914-878e93e8aa9a.png?generation=1770903773182536&alt=media,عناية شخصية,https://biddimarket.ps/orders/category/شامبو-شعر/product/020319,
شامبو بانتين احمر 600مل,22.00,https://storage.googleapis.com/download/storage/v1/b/biddimarket-assets/o/020320-9f28a059-19b9-4683-81ce-31c042138c38.png?generation=1770903865364647&alt=media,عناية شخصية,https://biddimarket.ps/orders/category/شامبو-شعر/product/020320,
شامبو بانتين ازرق 600مل,22.00,https://storage.googleapis.com/download/storage/v1/b/biddimarket-assets/o/020321-50ab94b0-2d5d-4783-b821-51430bb0a9d6.png?generation=1770903718004661&alt=media,عناية شخصية,https://biddimarket.ps/orders/category/شامبو-شعر/product/020321,
شامبو بنوك ازرق 700مل2in1,10.00,https://storage.googleapis.com/download/storage/v1/b/biddimarket-assets/o/020005-4bb6afa6-e20f-4cbf-95fb-1f2558b3205b.png?generation=1785602748210227&alt=media,عناية شخصية,https://biddimarket.ps/orders/category/شامبو-شعر/product/020005,
صابون 7,3.00,https://storage.googleapis.com/download/storage/v1/b/biddimarket-assets/o/020007-ec4f2e59-589f-4647-bc83-557dcf213966.png?generation=1785603233518101&alt=media,عناية شخصية,https://biddimarket.ps/orders/category/صابون/product/020007,
شامبو كلير رجال للقشرة 400مل,10.00,https://storage.googleapis.com/download/storage/v1/b/biddimarket-assets/o/020019-dd355e79-b941-4392-860f-18171c4e405c.png?generation=1785599771043700&alt=media,عناية شخصية,https://biddimarket.ps/orders/category/شامبو-شعر/product/020019,
شامبو عرار للشعر والجسم اخضر 4 لتر,10.00,https://storage.googleapis.com/download/storage/v1/b/biddimarket-assets/o/020043-42535bee-6e15-4aea-9493-4f377c547d21.png?generation=1785599981504179&alt=media,عناية شخصية,https://biddimarket.ps/orders/category/شامبو-جسم/product/020043,
شامبو بنوك كحلي 700مل,10.00,https://storage.googleapis.com/download/storage/v1/b/biddimarket-assets/o/020081-4b3f9386-d6a7-479b-a2f0-384c92e94f1e.png?generation=1785588939258510&alt=media,عناية شخصية,https://biddimarket.ps/orders/category/شامبو-شعر/product/020081,
شامبو بنوك ابيض 700مل,10.00,https://storage.googleapis.com/download/storage/v1/b/biddimarket-assets/o/020082-52d4eab5-3b59-47ae-b3ea-e7e1499873ff.png?generation=1785589021930964&alt=media,عناية شخصية,https://biddimarket.ps/orders/category/شامبو-شعر/product/020082,
شامبو بنوك احمر 700مل 2in1,10.00,https://storage.googleapis.com/download/storage/v1/b/biddimarket-assets/o/020092-62be2a1b-5a01-48d7-98c1-e2b687316e3f.png?generation=1785589181504214&alt=media,عناية شخصية,https://biddimarket.ps/orders/category/شامبو-شعر/product/020092,
شامبو جوز الهند اخضر بنوك 700مل,10.00,https://storage.googleapis.com/download/storage/v1/b/biddimarket-assets/o/020134-8a3e37c0-f879-4c0b-bbd3-7c76447e1688.png?generation=1785589507268069&alt=media,عناية شخصية,https://biddimarket.ps/orders/category/شامبو-شعر/product/020134,
شفرات كنج استور موس,2.00,https://storage.googleapis.com/download/storage/v1/b/biddimarket-assets/o/1310015-4a94a4d7-b206-4cd9-affb-302ee1ed1701.png?generation=1785596136417926&alt=media,عناية شخصية,https://biddimarket.ps/orders/category/شفرات-حلاقة/product/1310015,
شفرات حلاقة 2× ستاتي ويتيل 10 قطع,7.00,https://storage.googleapis.com/download/storage/v1/b/biddimarket-assets/o/1310024-86800655-51ca-4be7-8574-95b02e40f7e1.png?generation=1785603547509721&alt=media,عناية شخصية,https://biddimarket.ps/orders/category/شفرات-حلاقة/product/1310024,
هاربك سائل للحمام ابيض750مل,10.00,https://storage.googleapis.com/download/storage/v1/b/biddimarket-assets/o/420034-IMG_E1392-no-bg.png?generation=1730989345305664&alt=media,منظفات,https://biddimarket.ps/orders/category/منظف-اسطح/product/420034,
سائل شطف ليلك 4 لتر زهري,10.00,https://storage.googleapis.com/download/storage/v1/b/biddimarket-assets/o/360030-IMG_E0900-no-bg.png?generation=1728389246444539&alt=media,منظفات,https://biddimarket.ps/orders/category/منظفات-ارضيات/product/360030,
هاربيك زهري 750 مل,10.00,https://storage.googleapis.com/download/storage/v1/b/biddimarket-assets/o/370027-IMG_7937-no-bg.png?generation=1759328914031273&alt=media,منظفات,https://biddimarket.ps/orders/category/منظف-اسطح/product/370027,
مسحوق غسيل ايلوكس 9 كيلو,42.00,https://storage.googleapis.com/download/storage/v1/b/biddimarket-assets/o/380037-IMG_E1148-no-bg.png?generation=1728389559423677&alt=media,منظفات,https://biddimarket.ps/orders/category/مسحوق-وسائل-غسيل/product/380037,
معطر غسيل ماكسيما 4 لتر زهري,20.00,https://storage.googleapis.com/download/storage/v1/b/biddimarket-assets/o/10008-2fd59293-92e6-4a39-9a45-e6b15fc72376.png?generation=1785354914100634&alt=media,منظفات,https://biddimarket.ps/orders/category/معطر-مطري-غسيل/product/10008,
فانيش مزيل بقع بخاخ للغسيل الملون والابيض750مل,15.00,https://storage.googleapis.com/download/storage/v1/b/biddimarket-assets/o/10249-24aeb609-dfe8-4d8f-9a9e-a33a24c6fe9d.png?generation=1785490054447520&alt=media,منظفات,https://biddimarket.ps/orders/category/مسحوق-وسائل-غسيل/product/10249,
ديتول بخاخ برتقالي 750مل,15.00,https://storage.googleapis.com/download/storage/v1/b/biddimarket-assets/o/10251-8af64f7c-c249-4671-bdec-1c7b7970f8ec.png?generation=1785335532153121&alt=media,منظفات,https://biddimarket.ps/orders/category/منظف-اسطح/product/10251,
فينيش معطر جلاية ليمون,15.00,https://storage.googleapis.com/download/storage/v1/b/biddimarket-assets/o/10262-d75b86f7-7276-4808-b75d-8d95e0c66986.png?generation=1774979819289543&alt=media,منظفات,https://biddimarket.ps/orders/category/سوائل-واقراص-جلي/product/10262,
فينيش مجج ومعطر جلاية ازرق 250 مل,15.00,https://storage.googleapis.com/download/storage/v1/b/biddimarket-assets/o/10265-743a02aa-558b-4d7a-9ef3-553979c39964.png?generation=1785484877245259&alt=media,منظفات,https://biddimarket.ps/orders/category/سوائل-واقراص-جلي/product/10265,
ديتول سائل 750 مل,18.00,https://storage.googleapis.com/download/storage/v1/b/biddimarket-assets/o/10266-82270dc5-5453-4889-862e-3b9bbc81dda3.png?generation=1785342328419684&alt=media,منظفات,https://biddimarket.ps/orders/category/منظفات-عامة/product/10266,
مبيد حشرات k300 كبير,20.00,https://storage.googleapis.com/download/storage/v1/b/biddimarket-assets/o/10820-1142bc90-9f11-412f-93c7-bd94345c536e.png?generation=1786209133076347&alt=media,منظفات,https://biddimarket.ps/orders/category/مبيدات/product/10820,
مسحوق ايريال 3 كغم الوردة البيضاء,28.00,https://storage.googleapis.com/download/storage/v1/b/biddimarket-assets/o/040455-b707b081-da54-4cc4-81e8-5a3fe5da5cf5.png?generation=1786206349955993&alt=media,منظفات,https://biddimarket.ps/orders/category/مسحوق-وسائل-غسيل/product/040455,
مسحوق غسيل اوكسي 3 كغم,25.00,https://storage.googleapis.com/download/storage/v1/b/biddimarket-assets/o/020141-3a326f96-39b0-48da-9b56-6d87c66c8880.png?generation=1785346604737939&alt=media,منظفات,https://biddimarket.ps/orders/category/مسحوق-وسائل-غسيل/product/020141,
سائل غسيل اوكسي ابيض 3 كغم,28.00,https://storage.googleapis.com/download/storage/v1/b/biddimarket-assets/o/020142-245f0a95-0889-478e-a2f7-e3a0243c0e90.png?generation=1785346509695869&alt=media,منظفات,https://biddimarket.ps/orders/category/مسحوق-وسائل-غسيل/product/020142,
جل سائل غسيل تايد 2.5 كغم,28.00,https://storage.googleapis.com/download/storage/v1/b/biddimarket-assets/o/020156-203bfe86-3dbe-4a50-b0cd-b1f3477d7007.png?generation=1785346287876725&alt=media,منظفات,https://biddimarket.ps/orders/category/مسحوق-وسائل-غسيل/product/020156,
عرض باكيج فينيش جلاية,100.00,https://storage.googleapis.com/download/storage/v1/b/biddimarket-assets/o/020159-d9bebbd4-050f-4584-9ad9-8b0f521adab0.png?generation=1785491812873004&alt=media,منظفات,https://biddimarket.ps/orders/category/سوائل-واقراص-جلي/product/020159,
سائل جلي راجح 4 لتر,13.00,https://storage.googleapis.com/download/storage/v1/b/biddimarket-assets/o/020161-d5ea4553-af6c-4a9e-9c6a-698c6fef324a.png?generation=1785484669638268&alt=media,منظفات,https://biddimarket.ps/orders/category/سوائل-واقراص-جلي/product/020161,
مدهش راجح 1 لتر,5.00,https://storage.googleapis.com/download/storage/v1/b/biddimarket-assets/o/020162-408bc410-0cf7-47dc-b194-a197d6d58317.png?generation=1785341698526450&alt=media,منظفات,https://biddimarket.ps/orders/category/منظفات-عامة/product/020162,
هاربك سائل للحمام برتقالي 750مل,10.00,https://storage.googleapis.com/download/storage/v1/b/biddimarket-assets/o/020163-5bed5c29-e31d-40a4-acbc-91c48f48506c.png?generation=1785341587971209&alt=media,منظفات,https://biddimarket.ps/orders/category/منظفات-عامة/product/020163,
مزيل بقع زهري فينش 3لتر,25.00,https://storage.googleapis.com/download/storage/v1/b/biddimarket-assets/o/020175-822dbbb0-d1bf-4ccc-b5c5-6785af5fb282.png?generation=1785346171486320&alt=media,منظفات,https://biddimarket.ps/orders/category/مسحوق-وسائل-غسيل/product/020175,
ملمع زجاج اجاكس 750 مل,10.00,https://storage.googleapis.com/download/storage/v1/b/biddimarket-assets/o/020176-9ed35576-a575-4987-ac62-c8896adab78f.png?generation=1785356331134624&alt=media,منظفات,https://biddimarket.ps/orders/category/منظف-اسطح/product/020176,
ديتول 500 ملم,15.00,https://storage.googleapis.com/download/storage/v1/b/biddimarket-assets/o/020178-a4088a80-dd1e-4181-9a30-12e176784dad.png?generation=1785341460672763&alt=media,منظفات,https://biddimarket.ps/orders/category/منظفات-عامة/product/020178,
معطر بلاط ليلك مركز 1 لتر اسود,9.00,https://storage.googleapis.com/download/storage/v1/b/biddimarket-assets/o/020179-d2c6bda1-31fa-4dde-a79a-78d3fa8d787a.png?generation=1785331098213926&alt=media,منظفات,https://biddimarket.ps/orders/category/منظفات-ارضيات/product/020179,
معطر بلاط ليلك مركز 1 لتر كحلي,9.00,https://storage.googleapis.com/download/storage/v1/b/biddimarket-assets/o/020181-e006eb3b-2c61-4a9d-9db4-f767e6e8f5c3.png?generation=1785331312330193&alt=media,منظفات,https://biddimarket.ps/orders/category/منظفات-ارضيات/product/020181,
معطر بلاط ليلك مركز 1لتر سكني,9.00,https://storage.googleapis.com/download/storage/v1/b/biddimarket-assets/o/020182-708d003e-c4af-4569-8533-7f3e0772f21b.png?generation=1785331404036028&alt=media,منظفات,https://biddimarket.ps/orders/category/منظفات-ارضيات/product/020182,
معطر بلاط ليلك مركز 1 لتر ازرق,9.00,https://storage.googleapis.com/download/storage/v1/b/biddimarket-assets/o/020183-faaceeea-05d7-4f31-bc08-8aa38c33fc6f.png?generation=1785330719026382&alt=media,منظفات,https://biddimarket.ps/orders/category/منظفات-ارضيات/product/020183,
معطر بلاط ليلك مركز 1 لتر نهدي,9.00,https://storage.googleapis.com/download/storage/v1/b/biddimarket-assets/o/020185-ec6ffb3a-941f-48bb-8c60-feacb98fa062.png?generation=1785330890995612&alt=media,منظفات,https://biddimarket.ps/orders/category/منظفات-ارضيات/product/020185,
مطري ومعطر غسيل ليلك 4 لتر زهري,16.00,https://storage.googleapis.com/download/storage/v1/b/biddimarket-assets/o/020186-3ed6a37f-49d5-448f-922f-c518251aa6d1.png?generation=1785354736436760&alt=media,منظفات,https://biddimarket.ps/orders/category/معطر-مطري-غسيل/product/020186,
مطري ومعطر غسيل ليلك 4 لتر بنفسجي,16.00,https://storage.googleapis.com/download/storage/v1/b/biddimarket-assets/o/020187-447e6cdf-c3ae-4a1a-901c-59c6114baf63.png?generation=1785349404904727&alt=media,منظفات,https://biddimarket.ps/orders/category/معطر-مطري-غسيل/product/020187,
مطري ومعطر غسيل ليلك 4 لتر ذهبي,16.00,https://storage.googleapis.com/download/storage/v1/b/biddimarket-assets/o/020188-9a2a10c5-b55d-4e6f-8404-5f1031d95b31.png?generation=1785354655787589&alt=media,منظفات,https://biddimarket.ps/orders/category/معطر-مطري-غسيل/product/020188,
مطري ومعطر غسيل ليلك 4 لتر ازرق,16.00,https://storage.googleapis.com/download/storage/v1/b/biddimarket-assets/o/020189-f11160f1-a3d6-466b-95c2-6a8040448c63.png?generation=1785354533122436&alt=media,منظفات,https://biddimarket.ps/orders/category/معطر-مطري-غسيل/product/020189,
مطري ومعطر غسيل ليلك 4 لتر اسود,16.00,https://storage.googleapis.com/download/storage/v1/b/biddimarket-assets/o/020190-ab40f050-55e3-49ed-b716-67aa96037311.png?generation=1785354318547019&alt=media,منظفات,https://biddimarket.ps/orders/category/معطر-مطري-غسيل/product/020190,
خريص شيكل,1.00,https://storage.googleapis.com/download/storage/v1/b/biddimarket-assets/o/020011-06152e51-42de-483e-9acc-fd571039cdeb.png?generation=1785358149033284&alt=media,منظفات,https://biddimarket.ps/orders/category/سلكة/product/020011,
مسحوق غسيل تايد 7 ك,48.00,https://storage.googleapis.com/download/storage/v1/b/biddimarket-assets/o/020013-3406fe24-1c11-4077-a93d-1d5fbc103728.png?generation=1785345780629445&alt=media,منظفات,https://biddimarket.ps/orders/category/مسحوق-وسائل-غسيل/product/020013,
معطر بلاط ليلك مركز 1لتر زهري,9.00,https://storage.googleapis.com/download/storage/v1/b/biddimarket-assets/o/020021-596f7a43-52d5-478c-9ef1-c9ae944bdc51.png?generation=1785332383383573&alt=media,منظفات,https://biddimarket.ps/orders/category/منظفات-ارضيات/product/020021,
مدهش عرار 1 لتر,5.00,https://storage.googleapis.com/download/storage/v1/b/biddimarket-assets/o/020023-7ae2bacf-1e54-449a-8a96-72d9dd3e0faf.png?generation=1785339520077660&alt=media,منظفات,https://biddimarket.ps/orders/category/منظفات-عامة/product/020023,
مدهش دكس عرار مركز 1 لتر,5.00,https://storage.googleapis.com/download/storage/v1/b/biddimarket-assets/o/020024-3c0e8b8c-baff-4ae1-956f-3ff94fff3895.png?generation=1785339631549319&alt=media,منظفات,https://biddimarket.ps/orders/category/منظفات-عامة/product/020024,
ملمع خشب واثاث عرار 750 مل,10.00,https://storage.googleapis.com/download/storage/v1/b/biddimarket-assets/o/020025-575f6dc1-097e-438b-8400-ab5e9c734402.png?generation=1785356063824010&alt=media,منظفات,https://biddimarket.ps/orders/category/منظف-اسطح/product/020025,
مزيل كلس عرار 750,10.00,https://storage.googleapis.com/download/storage/v1/b/biddimarket-assets/o/020026-a07b864c-656f-485b-9ebd-d0a76fd864ca.png?generation=1785339736658298&alt=media,منظفات,https://biddimarket.ps/orders/category/منظفات-عامة/product/020026,
معجون جلي نعمة (امة) 3 ك 12%,12.00,https://storage.googleapis.com/download/storage/v1/b/biddimarket-assets/o/020031-28a49603-97fd-4dd5-a06d-2ac965bdf911.png?generation=1785483692731829&alt=media,منظفات,https://biddimarket.ps/orders/category/سوائل-واقراص-جلي/product/020031,
مزيل دهون عرار 750 مل,8.00,https://storage.googleapis.com/download/storage/v1/b/biddimarket-assets/o/020032-f1f18435-9d41-4eb1-8267-a6d485356c34.png?generation=1785335731471116&alt=media,منظفات,https://biddimarket.ps/orders/category/منظف-اسطح/product/020032,
ماء نار خام 33% جلن 3.65 ك,12.00,https://storage.googleapis.com/download/storage/v1/b/biddimarket-assets/o/020033-9c1d67c7-9486-42c5-8398-a7879a2c0b38.png?generation=1785339843476263&alt=media,منظفات,https://biddimarket.ps/orders/category/منظفات-عامة/product/020033,
كلور تركي عرار 3%,4.00,https://storage.googleapis.com/download/storage/v1/b/biddimarket-assets/o/020035-ebd7cb62-3f12-43f6-bf47-3f9f19d6eefb.png?generation=1785339983784071&alt=media,منظفات,https://biddimarket.ps/orders/category/منظفات-عامة/product/020035,
كلور معطر بالليمون عرار 3%,5.00,https://storage.googleapis.com/download/storage/v1/b/biddimarket-assets/o/020036-f0212b21-2532-4ad7-a8a8-3e97e3b5d5f2.png?generation=1785340110442524&alt=media,منظفات,https://biddimarket.ps/orders/category/منظفات-عامة/product/020036,
كلور جل دكس 4.5%,10.00,https://storage.googleapis.com/download/storage/v1/b/biddimarket-assets/o/020038-47add285-6293-476d-b27b-3ea417e594f8.png?generation=1785340309961683&alt=media,منظفات,https://biddimarket.ps/orders/category/منظفات-عامة/product/020038,
كلور ويندي جل مركز 1لتر,5.00,https://storage.googleapis.com/download/storage/v1/b/biddimarket-assets/o/020039-783ff926-ed57-419b-9cb5-56c5f2d345b2.png?generation=1785340526841791&alt=media,منظفات,https://biddimarket.ps/orders/category/منظفات-عامة/product/020039,
سائل شطف ليلك 4 لتر اصفر,10.00,https://storage.googleapis.com/download/storage/v1/b/biddimarket-assets/o/020042-0e1b801c-6f2f-4051-a19a-7f35ac1e81ce.png?generation=1785330427427488&alt=media,منظفات,https://biddimarket.ps/orders/category/منظفات-ارضيات/product/020042,
سائل جلي عرار 4 لتر,10.00,https://storage.googleapis.com/download/storage/v1/b/biddimarket-assets/o/020045-64632a24-5eb6-4fe1-91c9-ccfbfe293914.png?generation=1785483792379623&alt=media,منظفات,https://biddimarket.ps/orders/category/سوائل-واقراص-جلي/product/020045,
جل ومعطر غسيل ليلك 3 لتر,30.00,https://storage.googleapis.com/download/storage/v1/b/biddimarket-assets/o/020049-ae82fbc3-cfaf-4b1a-b611-7e3cd3634d08.png?generation=1785345552360420&alt=media,منظفات,https://biddimarket.ps/orders/category/مسحوق-وسائل-غسيل/product/020049,
معطر اقمشة وجو مركز ليلك 500مل زهري,10.00,https://storage.googleapis.com/download/storage/v1/b/biddimarket-assets/o/020051-80f95b0a-7c6f-4d80-849b-ffd3b38532cc.png?generation=1785483975198182&alt=media,منظفات,https://biddimarket.ps/orders/category/معطر-جو-و-اقمشة/product/020051,
لواكر كوادرتيني كريمة شوكولاتة 125 غم,8.00,https://storage.googleapis.com/download/storage/v1/b/biddimarket-assets/o/10182-IMG_E2463-no-bg.png?generation=1730983012746002&alt=media,سكاكر وحلويات,https://biddimarket.ps/orders/category/بسكويت-شوكولاتة/product/10182,
شوكولاتة ميلودي 25 غم,3.00,https://storage.googleapis.com/download/storage/v1/b/biddimarket-assets/o/040032-IMG_6379-no-bg.png?generation=1736004934193453&alt=media,سكاكر وحلويات,https://biddimarket.ps/orders/category/شوكولاتة-حب/product/040032,
بسكويت اوريو مطلي بالشوكلاتة 31 غم,1.50,https://storage.googleapis.com/download/storage/v1/b/biddimarket-assets/o/040087-IMG_E4863-no-bg.png?generation=1733830920318257&alt=media,سكاكر وحلويات,https://biddimarket.ps/orders/category/بسكويت-شوكولاتة/product/040087,
ويفر كريزيسكي بالشوكولاتة 36غم,1.00,https://storage.googleapis.com/download/storage/v1/b/biddimarket-assets/o/040332-IMG_E2408-no-bg.png?generation=1730979402845720&alt=media,سكاكر وحلويات,https://biddimarket.ps/orders/category/ويفر/product/040332,
كيك اديكتو 180 غم,6.00,https://storage.googleapis.com/download/storage/v1/b/biddimarket-assets/o/040525-IMG_E2643-no-bg.png?generation=1730980401104009&alt=media,سكاكر وحلويات,https://biddimarket.ps/orders/category/كيك-وكرواسون/product/040525,
شوكولاتة سيريلي بالبندق,2.00,https://storage.googleapis.com/download/storage/v1/b/biddimarket-assets/o/1270171-IMG_5008-no-bg.png?generation=1733840839451879&alt=media,سكاكر وحلويات,https://biddimarket.ps/orders/category/بسكويت-شوكولاتة/product/1270171,
ويفر كريزسكي توفي 36غم,1.00,https://storage.googleapis.com/download/storage/v1/b/biddimarket-assets/o/1270190-IMG_6200-no-bg.png?generation=1736006162023928&alt=media,سكاكر وحلويات,https://biddimarket.ps/orders/category/ويفر/product/1270190,
بسكويت كاجي كرسبين بالحليب 16 غم,2.50,https://storage.googleapis.com/download/storage/v1/b/biddimarket-assets/o/1270206-IMG_7809-no-bg.png?generation=1759326674415491&alt=media,سكاكر وحلويات,https://biddimarket.ps/orders/category/بسكويت-شوكولاتة/product/1270206,
كوكيز بالشوكولاتة البلجيكية مستر براوني 168غم,13.00,https://storage.googleapis.com/download/storage/v1/b/biddimarket-assets/o/1270319-1270319-ai-optimized.png?generation=1768041926385341&alt=media,سكاكر وحلويات,https://biddimarket.ps/orders/category/كيك-وكرواسون/product/1270319,
براونيز بالشوكولاتة البلجيكية مزينة مستر براوني 200غم,9.00,https://storage.googleapis.com/download/storage/v1/b/biddimarket-assets/o/550251-550251-ai-optimized.png?generation=1768040354572363&alt=media,سكاكر وحلويات,https://biddimarket.ps/orders/category/كيك-وكرواسون/product/550251,
براونيز بالكراميل مستر براوني 200غم,9.00,https://storage.googleapis.com/download/storage/v1/b/biddimarket-assets/o/550254-550254-ai-optimized.png?generation=1768037868004453&alt=media,سكاكر وحلويات,https://biddimarket.ps/orders/category/كيك-وكرواسون/product/550254,
لوح شوكولاتة بوبيدا باللوز خالي من السكر 100 غم,10.00,https://storage.googleapis.com/download/storage/v1/b/biddimarket-assets/o/610092-610092-ai-optimized.png?generation=1768226471256954&alt=media,سكاكر وحلويات,https://biddimarket.ps/orders/category/الواح-شوكولاتة/product/610092,
سلاكون دفشنيوت 400غم قرفة,7.00,https://storage.googleapis.com/download/storage/v1/b/biddimarket-assets/o/630036-IMG_E4804-no-bg.png?generation=1733992833694576&alt=media,سكاكر وحلويات,https://biddimarket.ps/orders/category/بسكويت/product/630036,
هيرشيز كوكيز شوكولاته بيضاء 40 غم,3.00,https://storage.googleapis.com/download/storage/v1/b/biddimarket-assets/o/910014-IMG_E2513-no-bg.png?generation=1730991367524510&alt=media,سكاكر وحلويات,https://biddimarket.ps/orders/category/شوكولاتة-حب/product/910014,
ويفر كريزيسكي بالبندق 36غم,1.00,https://storage.googleapis.com/download/storage/v1/b/biddimarket-assets/o/910070-IMG_E2424-no-bg.png?generation=1730991781204835&alt=media,سكاكر وحلويات,https://biddimarket.ps/orders/category/ويفر/product/910070,
علكة اوربت بالفواكه والنعناع,2.00,https://storage.googleapis.com/download/storage/v1/b/biddimarket-assets/o/10019-d079abfe-979d-44f6-8c22-c3e9629c16c0.png?generation=1785787421030263&alt=media,سكاكر وحلويات,https://biddimarket.ps/orders/category/علكة/product/10019,
علكة سهم,1.00,https://storage.googleapis.com/download/storage/v1/b/biddimarket-assets/o/10022-5c275d7a-59f1-4c91-b491-1883a1d5e38f.png?generation=1785252707782029&alt=media,سكاكر وحلويات,https://biddimarket.ps/orders/category/علكة/product/10022,
بيتي بير ايتي شوكولاتة 370 غم,6.00,https://storage.googleapis.com/download/storage/v1/b/biddimarket-assets/o/10023-6c158a72-f1d1-4a87-9310-4d0c81c9cdeb.png?generation=1785264269750544&alt=media,سكاكر وحلويات,https://biddimarket.ps/orders/category/بسكويت/product/10023,
ايتي بوب كيك اكياس شوكولاتة 144غم,5.00,https://storage.googleapis.com/download/storage/v1/b/biddimarket-assets/o/10031-e43b1ceb-09df-4015-a9ef-99ea696bcbcb.png?generation=1785255268840916&alt=media,سكاكر وحلويات,https://biddimarket.ps/orders/category/كيك-وكرواسون/product/10031,
ويف اب اكسترا 29 غم بالشوكلاتة,1.50,https://storage.googleapis.com/download/storage/v1/b/biddimarket-assets/o/10040-53b3b346-f9f9-498b-a17f-9a8291a20a1e.png?generation=1785787151698239&alt=media,سكاكر وحلويات,https://biddimarket.ps/orders/category/بسكويت-شوكولاتة/product/10040,
شوكولاتة داريلو 50غم,2.50,https://storage.googleapis.com/download/storage/v1/b/biddimarket-assets/o/10045-b3fc0cd5-c961-4450-be0c-01ddc3abc0be.png?generation=1785786179440690&alt=media,سكاكر وحلويات,https://biddimarket.ps/orders/category/بسكويت-شوكولاتة/product/10045,
شوكلاته فريرو روشيه ثلاثي,6.00,https://storage.googleapis.com/download/storage/v1/b/biddimarket-assets/o/10115-b9e88520-4925-4565-8e80-3273b54bf556%20(1).png?generation=1785785853820326&alt=media,سكاكر وحلويات,https://biddimarket.ps/orders/category/بسكويت-شوكولاتة/product/10115,
رفايلو 30 غم,4.00,https://storage.googleapis.com/download/storage/v1/b/biddimarket-assets/o/10116-d0474fa7-9ea6-453a-85ea-c791751d73dd.png?generation=1785785966428687&alt=media,سكاكر وحلويات,https://biddimarket.ps/orders/category/بسكويت-شوكولاتة/product/10116,
كندر اربع اصابع 50 غم,4.00,https://storage.googleapis.com/download/storage/v1/b/biddimarket-assets/o/10119-62ad6923-fe67-450a-8627-01365fd7f907.png?generation=1785271445326613&alt=media,سكاكر وحلويات,https://biddimarket.ps/orders/category/شوكولاتة-حب/product/10119,
كندر هابي هيبو,2.00,https://storage.googleapis.com/download/storage/v1/b/biddimarket-assets/o/10122-e2519502-4977-4985-9613-036593b25978.png?generation=1785779282989076&alt=media,سكاكر وحلويات,https://biddimarket.ps/orders/category/بسكويت-شوكولاتة/product/10122,
شوكلاتة كندر بوينو ابيض 39غم,3.00,https://storage.googleapis.com/download/storage/v1/b/biddimarket-assets/o/10123-ec7348af-ca61-4253-a0fe-7f90fa5f2122.png?generation=1785942179547434&alt=media,سكاكر وحلويات,https://biddimarket.ps/orders/category/بسكويت-شوكولاتة/product/10123,
ويفر الما كلاسيك شوكولاتة 200غم,3.50,https://storage.googleapis.com/download/storage/v1/b/biddimarket-assets/o/10143-57558326-e72d-4dd0-a27f-a93a5fb0ecef.png?generation=1785263540339370&alt=media,سكاكر وحلويات,https://biddimarket.ps/orders/category/بفلا/product/10143,
لواكر جاردينا 38غم بالبندق,3.00,https://storage.googleapis.com/download/storage/v1/b/biddimarket-assets/o/10171-7e9eb669-d755-4040-82f2-1a092c7b68db.png?generation=1785786556700265&alt=media,سكاكر وحلويات,https://biddimarket.ps/orders/category/بسكويت-شوكولاتة/product/10171,
اوربت بالنعناع ازرق علب,9.00,https://storage.googleapis.com/download/storage/v1/b/biddimarket-assets/o/10173-b5c20cab-3e86-4d21-806f-eafdd3262c12.png?generation=1785938209089058&alt=media,سكاكر وحلويات,https://biddimarket.ps/orders/category/علكة/product/10173,
بسكوت لواكر اصفر 75 غم,5.00,https://storage.googleapis.com/download/storage/v1/b/biddimarket-assets/o/10185-c4bfc80a-a4f1-4d0c-b813-a8c46cdc2895.png?generation=1785786425415141&alt=media,سكاكر وحلويات,https://biddimarket.ps/orders/category/بفلا/product/10185,
ويفر كاجي شوكولاتة بالحليب 50غم,5.00,https://storage.googleapis.com/download/storage/v1/b/biddimarket-assets/o/10189-1a426787-1c26-4c3e-953e-ffd5fb6cd688.png?generation=1785786300640587&alt=media,سكاكر وحلويات,https://biddimarket.ps/orders/category/بسكويت-شوكولاتة/product/10189,
حلاوة الهلال اصابع بالفانيل,1.50,https://storage.googleapis.com/download/storage/v1/b/biddimarket-assets/o/10360-0e800e56-e29d-4535-a4d7-b1c7d16e3db8.png?generation=1785246759847784&alt=media,سكاكر وحلويات,https://biddimarket.ps/orders/category/حلويات-شرقية/product/10360,
حلاوة الهلال شوكو فانيل 350 غم,11.00,https://storage.googleapis.com/download/storage/v1/b/biddimarket-assets/o/10362-2bc43ae0-2bee-4f35-acb2-a4725351b0f2.png?generation=1770390663511796&alt=media,سكاكر وحلويات,https://biddimarket.ps/orders/category/حلويات-شرقية/product/10362,
شوكولاتة مارس,2.50,https://storage.googleapis.com/download/storage/v1/b/biddimarket-assets/o/10372-b4f3c296-7209-46c5-bf9e-afb518d9e931.png?generation=1785268304456419&alt=media,سكاكر وحلويات,https://biddimarket.ps/orders/category/شوكولاتة-حب/product/10372,
تويرل شوكولاتة كادبوري 43 غم,4.00,https://storage.googleapis.com/download/storage/v1/b/biddimarket-assets/o/10449-33d1950f-952c-461c-ad2c-b89f2c720159.png?generation=1785786680722471&alt=media,سكاكر وحلويات,https://biddimarket.ps/orders/category/بسكويت-شوكولاتة/product/10449,
كادبوري سناك ساندويش 22 غم,2.50,https://storage.googleapis.com/download/storage/v1/b/biddimarket-assets/o/10450-49185ab5-11c1-4316-8c97-aa82ed22c323.png?generation=1785782057483434&alt=media,سكاكر وحلويات,https://biddimarket.ps/orders/category/بسكويت-شوكولاتة/product/10450,
كادبوري ديري ميلك ببلي بالاوريو 27غم,2.00,https://storage.googleapis.com/download/storage/v1/b/biddimarket-assets/o/10451-eec3071b-2dc0-477b-bf88-20389d13dac4.png?generation=1783630241036400&alt=media,سكاكر وحلويات,https://biddimarket.ps/orders/category/بسكويت-شوكولاتة/product/10451,
شوكولاتة ديري ميلك ببلي 28غم,2.00,https://storage.googleapis.com/download/storage/v1/b/biddimarket-assets/o/10454-6df2a572-cdf5-4f68-b5d2-f025f2943a38.png?generation=1785268393357275&alt=media,سكاكر وحلويات,https://biddimarket.ps/orders/category/شوكولاتة-حب/product/10454,
كيك اوريو مطلي بالشوكلاتة 24غم,1.00,https://storage.googleapis.com/download/storage/v1/b/biddimarket-assets/o/10461-97a29288-bdb2-4b5b-8759-04805a67ff0b.png?generation=1785255152653570&alt=media,سكاكر وحلويات,https://biddimarket.ps/orders/category/كيك-وكرواسون/product/10461,
ريسيز 2 كاسات زبدة الفول السوداني 42غم,3.00,https://storage.googleapis.com/download/storage/v1/b/biddimarket-assets/o/10463-cf6c0acc-b456-4a32-bc72-ba132c361c53.png?generation=1768930963451280&alt=media,سكاكر وحلويات,https://biddimarket.ps/orders/category/شوكولاتة-حب/product/10463,
ريسيز نت بار 47 غم,3.00,https://storage.googleapis.com/download/storage/v1/b/biddimarket-assets/o/10464-209fed4f-79cd-4f2f-a687-0e0fb75f61d0.png?generation=1785268558995473&alt=media,سكاكر وحلويات,https://biddimarket.ps/orders/category/شوكولاتة-حب/product/10464,
كيك اولالا سوفلي بالشوكولاتة 70 غم,3.00,https://storage.googleapis.com/download/storage/v1/b/biddimarket-assets/o/10480-8b343e3e-7ec4-4cac-bf39-033c199fc1e0.png?generation=1785056158346341&alt=media,سكاكر وحلويات,https://biddimarket.ps/orders/category/كيك-وكرواسون/product/10480,
شوكولاتة كريزي بالحليب والكاكاو,1.00,https://storage.googleapis.com/download/storage/v1/b/biddimarket-assets/o/10614-19930c1f-30ec-4f97-b4d6-4dab76921d2b.png?generation=1785863078259172&alt=media,سكاكر وحلويات,https://biddimarket.ps/orders/category/بسكويت-شوكولاتة/product/10614,
ويفر علي بابا,0.50,https://storage.googleapis.com/download/storage/v1/b/biddimarket-assets/o/10674-5fbc0760-d877-464a-bd79-05beb8658666.png?generation=1783624333706924&alt=media,سكاكر وحلويات,https://biddimarket.ps/orders/category/ويفر/product/10674,
جلاكسي بالبندق 36غم,3.50,https://storage.googleapis.com/download/storage/v1/b/biddimarket-assets/o/10675-b2a947ec-37e0-4c0d-a25a-f5daa25063e8.png?generation=1785056439708146&alt=media,سكاكر وحلويات,https://biddimarket.ps/orders/category/شوكولاتة-حب/product/10675,
لواكر بالفانيلا 30غم,1.50,https://storage.googleapis.com/download/storage/v1/b/biddimarket-assets/o/10676-086209ce-75e0-4c2e-8b67-86ddcccbd02c.png?generation=1785862948790674&alt=media,سكاكر وحلويات,https://biddimarket.ps/orders/category/بسكويت-شوكولاتة/product/10676,
شوكولاتة ام اند ام كيس اصفر 45 غم,3.00,https://storage.googleapis.com/download/storage/v1/b/biddimarket-assets/o/10685-4fd69eb2-d663-4b76-a480-00f62c24033c.png?generation=1785268700802942&alt=media,سكاكر وحلويات,https://biddimarket.ps/orders/category/شوكولاتة-حب/product/10685,
مالتيزرس 37غم,3.50,https://storage.googleapis.com/download/storage/v1/b/biddimarket-assets/o/10686-a1b2d390-d59b-440e-947f-a72575b56cd1.png?generation=1785268836358359&alt=media,سكاكر وحلويات,https://biddimarket.ps/orders/category/شوكولاتة-حب/product/10686,
ويفر سنقرط 180غم بالشوكلاتة,2.50,https://storage.googleapis.com/download/storage/v1/b/biddimarket-assets/o/10694-de175816-9feb-41f2-baa0-4f1911ada8e6.png?generation=1785263172475429&alt=media,سكاكر وحلويات,https://biddimarket.ps/orders/category/بفلا/product/10694,
برينجلز كاتشب كبير 165غم,8.00,https://storage.googleapis.com/download/storage/v1/b/biddimarket-assets/o/1430036-IMG_E4545-no-bg.png?generation=1734305442891501&alt=media,شيبسات,https://biddimarket.ps/orders/category/بطاطا-وبيسلي-مشكل/product/1430036,
مستر شيبس رقائق بالخل والملح 20غم,1.00,https://storage.googleapis.com/download/storage/v1/b/biddimarket-assets/o/1440050-25d79411-c19b-40a1-9d03-f73e8610e3c9%20(1).png?generation=1785077113358395&alt=media,شيبسات,https://biddimarket.ps/orders/category/بطاطا-وبيسلي-1-شيكل/product/1440050,
بسلي اوسم جريل 55غم,3.00,https://storage.googleapis.com/download/storage/v1/b/biddimarket-assets/o/10076-9f99e27b-4ebd-44a0-af11-632330ac8fcb.png?generation=1785060542624315&alt=media,شيبسات,https://biddimarket.ps/orders/category/بطاطا-وبيسلي-مشكل/product/10076,
بمبا محشي شوكلاته اوسم 60غم,5.00,https://storage.googleapis.com/download/storage/v1/b/biddimarket-assets/o/10077-3856fa34-35b5-4263-9fc8-258c139f6956.png?generation=1784151367726281&alt=media,شيبسات,https://biddimarket.ps/orders/category/بمبا/product/10077,
كرسبي زعتر اوسم 300غم,8.00,https://storage.googleapis.com/download/storage/v1/b/biddimarket-assets/o/10080-8b187149-8d7c-4f03-b67d-52078ce2952e.png?generation=1785060618844961&alt=media,شيبسات,https://biddimarket.ps/orders/category/بيجلا/product/10080,
دوريتوس عائلي حامض حار 185 غم,9.00,https://storage.googleapis.com/download/storage/v1/b/biddimarket-assets/o/10388-2c035d97-7448-41e1-a1ce-2f5fc9ca7556.png?generation=1785060704743982&alt=media,شيبسات,https://biddimarket.ps/orders/category/شيبس-عائلي/product/10388,
شيبس دوريتوس حار حامض 45 غم,2.50,https://storage.googleapis.com/download/storage/v1/b/biddimarket-assets/o/10399-aaa3797f-f0f7-4279-8141-75a018ef40bf.png?generation=1785081507813759&alt=media,شيبسات,https://biddimarket.ps/orders/category/بطاطا-وبيسلي-مشكل/product/10399,
شيبس ليز بالملح 40غم,2.50,https://storage.googleapis.com/download/storage/v1/b/biddimarket-assets/o/10414-2adac7e2-d439-4d0d-bea6-6248b54551b6.png?generation=1785081808788966&alt=media,شيبسات,https://biddimarket.ps/orders/category/بطاطا-وبيسلي-مشكل/product/10414,
شيتوس بطعم الجبنة 30غم,2.00,https://storage.googleapis.com/download/storage/v1/b/biddimarket-assets/o/10418-d505f175-0d77-44a5-ba86-6f2c44d986a8.png?generation=1785082028245674&alt=media,شيبسات,https://biddimarket.ps/orders/category/بطاطا-وبيسلي-مشكل/product/10418,
شيبس ليز 18 غم,1.50,https://storage.googleapis.com/download/storage/v1/b/biddimarket-assets/o/10423-557c6dcb-6699-4b7f-9259-ed3eb987d457.png?generation=1785082128735517&alt=media,شيبسات,https://biddimarket.ps/orders/category/بطاطا-وبيسلي-مشكل/product/10423,
برينجلز ملح صغير 40 غم,4.00,https://storage.googleapis.com/download/storage/v1/b/biddimarket-assets/o/10687-101735d2-0e99-4a6c-8b34-945c61a140a0.png?generation=1785095679946248&alt=media,شيبسات,https://biddimarket.ps/orders/category/بطاطا-وبيسلي-مشكل/product/10687,
برينجلز ملح كبير 165غم,8.00,https://storage.googleapis.com/download/storage/v1/b/biddimarket-assets/o/10695-f7d10473-a0bb-4cd7-94b3-7184e7885c78.png?generation=1785083045620951&alt=media,شيبسات,https://biddimarket.ps/orders/category/بطاطا-وبيسلي-مشكل/product/10695,
شيبس كرسبو باربكيو 20غم,1.00,https://storage.googleapis.com/download/storage/v1/b/biddimarket-assets/o/040043-83d13b69-eda7-4e95-9411-9a5ef8303d93.png?generation=1785095260956902&alt=media,شيبسات,https://biddimarket.ps/orders/category/بطاطا-وبيسلي-1-شيكل/product/040043,
شيبس بريك خضار,0.50,https://storage.googleapis.com/download/storage/v1/b/biddimarket-assets/o/040044-2832c476-37b8-49ac-adf5-f3037de24496.png?generation=1785057079765667&alt=media,شيبسات,https://biddimarket.ps/orders/category/شيبس-نص-شيكل/product/040044,
طرزان 1 شيكل,1.00,https://storage.googleapis.com/download/storage/v1/b/biddimarket-assets/o/040046-b828a83e-e1b7-4e40-8d84-c3205c59325e.png?generation=1785087959929293&alt=media,شيبسات,https://biddimarket.ps/orders/category/بمبا/product/040046,
بوشار طبيعي قصراوي,1.00,https://storage.googleapis.com/download/storage/v1/b/biddimarket-assets/o/040047-95cd00ba-1603-4aec-b25e-c6c9bd8aaa0a.png?generation=1785060834321818&alt=media,شيبسات,https://biddimarket.ps/orders/category/بوشار/product/040047,
شبس لايك فلافل,0.50,https://storage.googleapis.com/download/storage/v1/b/biddimarket-assets/o/040048-5e167396-06e9-4498-87e2-e898b9a6764c.png?generation=1785060906983809&alt=media,شيبسات,https://biddimarket.ps/orders/category/شيبس-نص-شيكل/product/040048,
شيبس تيستي بالفستق عائلي 100غم,4.00,https://storage.googleapis.com/download/storage/v1/b/biddimarket-assets/o/040060-41c9839e-fec5-4436-89a8-a193aa5a376e.png?generation=1767734968415902&alt=media,شيبسات,https://biddimarket.ps/orders/category/شيبس-عائلي/product/040060,
شيبس هيبرون شوزا جبنة الناتشو 34غم,1.00,https://storage.googleapis.com/download/storage/v1/b/biddimarket-assets/o/040064-620b156a-33dd-44b0-9360-eb12f4e8d8e5.png?generation=1767733597502264&alt=media,شيبسات,https://biddimarket.ps/orders/category/بطاطا-وبيسلي-1-شيكل/product/040064,
بسلي تشيك شاك 40غم,1.00,https://storage.googleapis.com/download/storage/v1/b/biddimarket-assets/o/040074-7c50dfc0-0175-4d82-9ff9-5c026b84850e.png?generation=1785057173481078&alt=media,شيبسات,https://biddimarket.ps/orders/category/بطاطا-وبيسلي-1-شيكل/product/040074,
شبس فوزي موزي,1.00,https://storage.googleapis.com/download/storage/v1/b/biddimarket-assets/o/040078-4d041084-dda2-4a22-beeb-17f31673939f.png?generation=1783623963939464&alt=media,شيبسات,https://biddimarket.ps/orders/category/بطاطا-وبيسلي-1-شيكل/product/040078,
شيبس تايجر شطة مولعة 25غم,1.00,https://storage.googleapis.com/download/storage/v1/b/biddimarket-assets/o/040079-82405ec2-937a-4e24-901d-48cc451e1673%20(1).png?generation=1785094538427823&alt=media,شيبسات,https://biddimarket.ps/orders/category/بطاطا-وبيسلي-1-شيكل/product/040079,
شيبس تايجر شطة وليمون 50 غم,2.00,https://storage.googleapis.com/download/storage/v1/b/biddimarket-assets/o/040081-0597a2f4-cab0-48c1-a873-18cb0b1104d5.png?generation=1785077660041917&alt=media,شيبسات,https://biddimarket.ps/orders/category/بطاطا-وبيسلي-مشكل/product/040081,
بيوقلز جبنة حار 20غم,1.00,https://storage.googleapis.com/download/storage/v1/b/biddimarket-assets/o/040128-2fd1c20e-df9e-4e56-9104-f5fff054a4bf.png?generation=1785093133237963&alt=media,شيبسات,https://biddimarket.ps/orders/category/بطاطا-وبيسلي-1-شيكل/product/040128,
مستر شبس تمساح 28غم,1.00,https://storage.googleapis.com/download/storage/v1/b/biddimarket-assets/o/040129-7f9f0461-bb38-4d2d-8576-3b9ab56b3e05.png?generation=1785087701699155&alt=media,شيبسات,https://biddimarket.ps/orders/category/بمبا/product/040129,
بيوقلز جبنة الناتشو 38غم,2.00,https://storage.googleapis.com/download/storage/v1/b/biddimarket-assets/o/040131-e9d0340b-7a4b-4b89-8dd6-50a5b0f271fc.png?generation=1785076926921808&alt=media,شيبسات,https://biddimarket.ps/orders/category/بطاطا-وبيسلي-مشكل/product/040131,
مستر شبس اصابع بالملح 38غم,2.00,https://storage.googleapis.com/download/storage/v1/b/biddimarket-assets/o/040132-d7169f85-1f01-4be1-99ae-77f5c6edf437.png?generation=1787589094813411&alt=media,شيبسات,https://biddimarket.ps/orders/category/بطاطا-وبيسلي-مشكل/product/040132,
مستر شيبس رقائق بالملح والخل 43غم,2.00,https://storage.googleapis.com/download/storage/v1/b/biddimarket-assets/o/040133-34a1ebe3-24a0-4eef-9070-57458cd03d9a.png?generation=1785077564240209&alt=media,شيبسات,https://biddimarket.ps/orders/category/بطاطا-وبيسلي-مشكل/product/040133,
شبس تايجر فلفل حلو 10غم,0.50,https://storage.googleapis.com/download/storage/v1/b/biddimarket-assets/o/040140-unnamed.jpg?generation=1769868264515629&alt=media,شيبسات,https://biddimarket.ps/orders/category/شيبس-نص-شيكل/product/040140,
بيغلة كروكو 250 غم,5.00,https://storage.googleapis.com/download/storage/v1/b/biddimarket-assets/o/040160-b90fd4fa-014f-4062-ad05-77c6d064f733.png?generation=1785087255625459&alt=media,شيبسات,https://biddimarket.ps/orders/category/بيجلا/product/040160,
بيجلا محشي فول سوداني 40غم,1.50,https://storage.googleapis.com/download/storage/v1/b/biddimarket-assets/o/040161-aa84a847-77cb-45f6-add2-99cb1a31854d.png?generation=1785087118729515&alt=media,شيبسات,https://biddimarket.ps/orders/category/بيجلا/product/040161,
بيغلا كروكو 80 غم,1.50,https://storage.googleapis.com/download/storage/v1/b/biddimarket-assets/o/040166-934793b0-121e-4310-8d26-d3f25962ac01.png?generation=1785086987293906&alt=media,شيبسات,https://biddimarket.ps/orders/category/بيجلا/product/040166,
شبس طرزان نص شيكل,0.50,https://storage.googleapis.com/download/storage/v1/b/biddimarket-assets/o/040264-121d7c78-5f89-4a61-8ffa-70afb989c6b9.png?generation=1785090485121797&alt=media,شيبسات,https://biddimarket.ps/orders/category/شيبس-نص-شيكل/product/040264,
شبس رويال نص شيكل,0.50,https://storage.googleapis.com/download/storage/v1/b/biddimarket-assets/o/040265-4b293d62-7efa-40f2-934f-9f431c6e1c8e.png?generation=1783623929196669&alt=media,شيبسات,https://biddimarket.ps/orders/category/شيبس-نص-شيكل/product/040265,
بوشار قصراوي نص شيكل,0.50,https://storage.googleapis.com/download/storage/v1/b/biddimarket-assets/o/040266-409b48cc-d5f1-42e0-a4f1-5ce9f0ef8e0e.png?generation=1785076726377520&alt=media,شيبسات,https://biddimarket.ps/orders/category/بوشار/product/040266,
خبز محمص ماريتي بندورة 70غم,3.33,https://storage.googleapis.com/download/storage/v1/b/biddimarket-assets/o/040307-b19428a2-e7d2-458d-8aff-acf7cc8d33e8.png?generation=1785086891661337&alt=media,شيبسات,https://biddimarket.ps/orders/category/بيجلا/product/040307,
بيغلة كروكو 500 غم مشكل,10.00,https://storage.googleapis.com/download/storage/v1/b/biddimarket-assets/o/040327-7af77598-f41f-486b-a234-ee8a4249f1b7.png?generation=1785086780356792&alt=media,شيبسات,https://biddimarket.ps/orders/category/بيجلا/product/040327,
شيبس دوريتوس حار حامض 25 غم,1.50,https://storage.googleapis.com/download/storage/v1/b/biddimarket-assets/o/040348-579b89e1-a82d-4ef2-b56f-2b69395c8cd6.png?generation=1785081053688864&alt=media,شيبسات,https://biddimarket.ps/orders/category/بطاطا-وبيسلي-مشكل/product/040348,
شيبس ليون كاتشب نص شيكل,0.50,https://storage.googleapis.com/download/storage/v1/b/biddimarket-assets/o/040369-dfce86c5-5e8d-4d89-aac9-f0a2af5d4cef.png?generation=1785057238259966&alt=media,شيبسات,https://biddimarket.ps/orders/category/شيبس-نص-شيكل/product/040369,
شيبس ليون عائلي بالكاتشب 70غم,4.00,https://storage.googleapis.com/download/storage/v1/b/biddimarket-assets/o/040383-b0b98731-9f77-4942-9dd2-aea8fb50c04a.png?generation=1785057297781253&alt=media,شيبسات,https://biddimarket.ps/orders/category/شيبس-عائلي/product/040383,
شبس رامبو عائلي,4.00,https://storage.googleapis.com/download/storage/v1/b/biddimarket-assets/o/040423-9e00d13a-edb5-4330-b558-3839023cbc62.png?generation=1785061090065552&alt=media,شيبسات,https://biddimarket.ps/orders/category/شيبس-عائلي/product/040423,
شيبس تيستي ذرة وجبنة شيدر,1.00,https://storage.googleapis.com/download/storage/v1/b/biddimarket-assets/o/040471-4021f549-b3c9-49ec-927a-9a06d4f23276.png?generation=1785946739122327&alt=media,شيبسات,https://biddimarket.ps/orders/category/بمبا/product/040471,
سماكس صاروخ جبنة 15غم,0.50,https://storage.googleapis.com/download/storage/v1/b/biddimarket-assets/o/040536-908b04d8-c31f-4db2-bc48-a85766d75d2e.png?generation=1785091118034613&alt=media,شيبسات,https://biddimarket.ps/orders/category/شيبس-نص-شيكل/product/040536,
شيبس تايجر اكسلانس جبنة مدخنة 50غم,2.00,https://storage.googleapis.com/download/storage/v1/b/biddimarket-assets/o/040541-52d9301b-df65-4fe9-bbac-9b3297ecb57a.png?generation=1785076547463358&alt=media,شيبسات,https://biddimarket.ps/orders/category/بطاطا-وبيسلي-مشكل/product/040541,
شيبس تايجر جبنة متبلة 125غم,6.00,https://storage.googleapis.com/download/storage/v1/b/biddimarket-assets/o/040542-84818a72-31f6-4e0a-ad7c-10d2697180c7.png?generation=1785060492611598&alt=media,شيبسات,https://biddimarket.ps/orders/category/شيبس-عائلي/product/040542,
شيبس تايجر كباب 85غم,4.00,https://storage.googleapis.com/download/storage/v1/b/biddimarket-assets/o/040543-c6135b71-2ff3-429b-b5c4-00cf4b452593.png?generation=1767718326278520&alt=media,شيبسات,https://biddimarket.ps/orders/category/شيبس-عائلي/product/040543,
شيبس تاكيوريتوس اخضر 34عم,1.50,https://storage.googleapis.com/download/storage/v1/b/biddimarket-assets/o/040579-eb9f8913-8151-4741-a577-201e75258e57.png?generation=1785859362365704&alt=media,شيبسات,https://biddimarket.ps/orders/category/بطاطا-وبيسلي-مشكل/product/040579,
شيبس ازكا بطعم الجبنة 1ش,1.00,https://storage.googleapis.com/download/storage/v1/b/biddimarket-assets/o/040585-ddd74f53-9a38-4023-b495-0cbd841eb24c.png?generation=1785087529464334&alt=media,شيبسات,https://biddimarket.ps/orders/category/بمبا/product/040585,
برينجلز بابريكا صغير 40 غم,4.00,https://storage.googleapis.com/download/storage/v1/b/biddimarket-assets/o/040601-3b98d700-a07a-4a22-ac7e-5c75c95dbcee.png?generation=1785081229314973&alt=media,شيبسات,https://biddimarket.ps/orders/category/بطاطا-وبيسلي-مشكل/product/040601,
برينجلز خل وملح صغير 40 غم,4.00,https://storage.googleapis.com/download/storage/v1/b/biddimarket-assets/o/040603-38983f14-98c7-4cef-b688-37d9edaf0d22.png?generation=1785081325321037&alt=media,شيبسات,https://biddimarket.ps/orders/category/بطاطا-وبيسلي-مشكل/product/040603,
كورن فليكس الديك 750غم,16.00,https://storage.googleapis.com/download/storage/v1/b/biddimarket-assets/o/10318-10318-ai-optimized.png?generation=1768054322556740&alt=media,تحضير سريع واندومي,https://biddimarket.ps/orders/category/كورن-فلكس/product/10318,
اندومي كوري اكياس زهري,8.00,https://storage.googleapis.com/download/storage/v1/b/biddimarket-assets/o/500001-IMG_E3722-no-bg.png?generation=1733937427959135&alt=media,تحضير سريع واندومي,https://biddimarket.ps/orders/category/اندومي/product/500001,
كورن فليكس بالفواكه 30غم,1.00,https://storage.googleapis.com/download/storage/v1/b/biddimarket-assets/o/510010-IMG_6856-no-bg.png?generation=1736763107943031&alt=media,تحضير سريع واندومي,https://biddimarket.ps/orders/category/كورن-فلكس/product/510010,
كورن فليكس قمح بالكاكاو 30غم,1.00,https://storage.googleapis.com/download/storage/v1/b/biddimarket-assets/o/510013-IMG_6857-no-bg.png?generation=1736763126032053&alt=media,تحضير سريع واندومي,https://biddimarket.ps/orders/category/كورن-فلكس/product/510013,
كورن فليكس نيسكويك 330 غم,13.00,https://storage.googleapis.com/download/storage/v1/b/biddimarket-assets/o/040342-418b36b0-43c2-422b-b0b5-47f9f878381d.png?generation=1786210845931274&alt=media,تحضير سريع واندومي,https://biddimarket.ps/orders/category/كورن-فلكس/product/040342,
اندومي كوري اكياس احمر,8.00,https://storage.googleapis.com/download/storage/v1/b/biddimarket-assets/o/110156-1c8c9454-7bb7-444d-8381-4fb322a35a7a.png?generation=1785076707856610&alt=media,تحضير سريع واندومي,https://biddimarket.ps/orders/category/اندومي/product/110156,
كورن فليكس نيسكويك نستلي كيس 450غم,10.00,https://storage.googleapis.com/download/storage/v1/b/biddimarket-assets/o/110157-9ac7ce8a-2116-47b0-ac50-bf5931a91267.png?generation=1783870360607146&alt=media,تحضير سريع واندومي,https://biddimarket.ps/orders/category/كورن-فلكس/product/110157,
اندومي كيس دجاج بلدي 75غم,1.50,https://storage.googleapis.com/download/storage/v1/b/biddimarket-assets/o/11248-f00a3d94-438b-4c54-b068-c7227de5303a.png?generation=1785076798110117&alt=media,تحضير سريع واندومي,https://biddimarket.ps/orders/category/اندومي/product/11248,
اندومي كاسات كاري,2.50,https://storage.googleapis.com/download/storage/v1/b/biddimarket-assets/o/11294-e3b667c5-2f9f-4079-94c8-c1d846f96389.png?generation=1785075390749570&alt=media,تحضير سريع واندومي,https://biddimarket.ps/orders/category/اندومي/product/11294,
اندومي كيس دجاج خاصة,1.50,https://storage.googleapis.com/download/storage/v1/b/biddimarket-assets/o/500007-1d3cd703-17ba-496a-be59-e9dfa77f7cc9.png?generation=1785076635955600&alt=media,تحضير سريع واندومي,https://biddimarket.ps/orders/category/اندومي/product/500007,
اندومي كيس كاري دجاج,1.50,https://storage.googleapis.com/download/storage/v1/b/biddimarket-assets/o/500008-38f16a0d-7629-4b1d-a997-ca15fdad171e.png?generation=1785075450619277&alt=media,تحضير سريع واندومي,https://biddimarket.ps/orders/category/اندومي/product/500008,
اندومي كاسات دجاج,2.50,https://storage.googleapis.com/download/storage/v1/b/biddimarket-assets/o/500009-3055bf42-3299-46c8-bcb3-63c6ed007282.png?generation=1785075506489524&alt=media,تحضير سريع واندومي,https://biddimarket.ps/orders/category/اندومي/product/500009,
اندومي كوري اكياس اسود,8.00,https://storage.googleapis.com/download/storage/v1/b/biddimarket-assets/o/500011-17debd3d-fb93-4ef0-b0b8-112afef8926d.png?generation=1785075569056981&alt=media,تحضير سريع واندومي,https://biddimarket.ps/orders/category/اندومي/product/500011,
اندومي كوري اكياس اسود واحمر,8.00,https://storage.googleapis.com/download/storage/v1/b/biddimarket-assets/o/500012-26a02659-16df-4479-bc5f-54d57590efd2.png?generation=1785075627681242&alt=media,تحضير سريع واندومي,https://biddimarket.ps/orders/category/اندومي/product/500012,
اندومي كوري اكياس بنفسجي,8.00,https://storage.googleapis.com/download/storage/v1/b/biddimarket-assets/o/500013-e8d36ecf-af71-4971-a0d2-76b3df3f1c41.png?generation=1785075877919299&alt=media,تحضير سريع واندومي,https://biddimarket.ps/orders/category/اندومي/product/500013,
اندومي اكياس شعيرية مقلية متبلة حارة 80 غم,2.00,https://storage.googleapis.com/download/storage/v1/b/biddimarket-assets/o/500037-60717835-3612-413f-8054-6f5be8ae970b.png?generation=1785076296337688&alt=media,تحضير سريع واندومي,https://biddimarket.ps/orders/category/اندومي/product/500037,
اندومي اكياس شعيرية مقلية 80غم,2.00,https://storage.googleapis.com/download/storage/v1/b/biddimarket-assets/o/500049-8c0611bf-5473-4753-89f2-ea11767c0029.png?generation=1785076122710364&alt=media,تحضير سريع واندومي,https://biddimarket.ps/orders/category/اندومي/product/500049,
اندومي اكياس شعيرية مقلية خاصة 80غم,2.00,https://storage.googleapis.com/download/storage/v1/b/biddimarket-assets/o/500050-99760fa6-04f8-4e44-aa37-aeb65445169c.png?generation=1785076049874294&alt=media,تحضير سريع واندومي,https://biddimarket.ps/orders/category/اندومي/product/500050,
اندومي علب شعيرية مقلية متبلة وحارة 70غم,3.00,https://storage.googleapis.com/download/storage/v1/b/biddimarket-assets/o/500051-add5fff5-94b2-4d09-b447-e717589d960c.png?generation=1785703584392776&alt=media,تحضير سريع واندومي,https://biddimarket.ps/orders/category/اندومي/product/500051,
نودلز دجاج سيشوان والخضار والبروتين 120غم,10.00,https://storage.googleapis.com/download/storage/v1/b/biddimarket-assets/o/500054-3b652b03-f1a3-47df-bb4b-b183c063e8d8.png?generation=1785076483631323&alt=media,تحضير سريع واندومي,https://biddimarket.ps/orders/category/اندومي/product/500054,
نودلز لحم بقري وخضار بالبروتين 120غم,10.00,https://storage.googleapis.com/download/storage/v1/b/biddimarket-assets/o/500056-d230a99a-f871-4b38-970a-e9d16173ebe3.png?generation=1785076400679391&alt=media,تحضير سريع واندومي,https://biddimarket.ps/orders/category/اندومي/product/500056,
اندومي كوري اكياس فسفوري,8.00,https://storage.googleapis.com/download/storage/v1/b/biddimarket-assets/o/500063-53ce1e6d-5c68-4b8a-a3a6-e2aae8e3bbcf.png?generation=1775504708647110&alt=media,تحضير سريع واندومي,https://biddimarket.ps/orders/category/اندومي/product/500063,
كورن فليكس ديلانسي محشي بالشوكولاتة 250غم,6.00,https://storage.googleapis.com/download/storage/v1/b/biddimarket-assets/o/510019-fb5c805b-c8e7-47a0-919a-31cb02dab58a.png?generation=1783630474609607&alt=media,تحضير سريع واندومي,https://biddimarket.ps/orders/category/كورن-فلكس/product/510019,
سيريال محشي شوكولاتة اوزمو 250غم,15.00,https://storage.googleapis.com/download/storage/v1/b/biddimarket-assets/o/510021-80ffc2a2-560a-4dbc-85c8-4aab9a663fb4.png?generation=1783625665140160&alt=media,تحضير سريع واندومي,https://biddimarket.ps/orders/category/كورن-فلكس/product/510021,
اندومي كيس 75 غم خضار,1.50,https://storage.googleapis.com/download/storage/v1/b/biddimarket-assets/o/910116-1aa3ffbe-c160-4e6d-827b-b82314182efc.png?generation=1785076910447953&alt=media,تحضير سريع واندومي,https://biddimarket.ps/orders/category/اندومي/product/910116,
اندومي كوري اكياس اصفر بالجبنة,8.00,https://storage.googleapis.com/download/storage/v1/b/biddimarket-assets/o/500014-ccc90250-8c2f-4901-97bd-77c2f83cfb96.png?generation=1785492036475535&alt=media,تحضير سريع واندومي,https://biddimarket.ps/orders/category/اندومي/product/500014,
اندومي اكياس شعيرية مقلية الدجاج الحار 80 غم,2.00,https://storage.googleapis.com/download/storage/v1/b/biddimarket-assets/o/500038-10fd5deb-8a6e-4e12-b87d-b5369b79addb.png?generation=1785076222916901&alt=media,تحضير سريع واندومي,https://biddimarket.ps/orders/category/اندومي/product/500038,
نودلز بالخضار والبروتين 110غم,10.00,https://storage.googleapis.com/download/storage/v1/b/biddimarket-assets/o/500053-6cc98ff2-cee7-46b7-93b0-f10beaa0c8ec.png?generation=1785075965990143&alt=media,تحضير سريع واندومي,https://biddimarket.ps/orders/category/اندومي/product/500053,
اندومي كوري برتقالي,8.00,https://storage.googleapis.com/download/storage/v1/b/biddimarket-assets/o/500065-7d8119ce-a032-41c7-82a8-f30728aa618d.png?generation=1783588074531128&alt=media,تحضير سريع واندومي,https://biddimarket.ps/orders/category/اندومي/product/500065,
اندومي كاسات خضار 82غم,2.50,https://storage.googleapis.com/download/storage/v1/b/biddimarket-assets/o/500066-a6cabdac-02bf-4c25-814d-f4d848c17b28.png?generation=1784152011716050&alt=media,تحضير سريع واندومي,https://biddimarket.ps/orders/category/اندومي/product/500066,
تواليت ريمكس 18 رول,30.00,https://storage.googleapis.com/download/storage/v1/b/biddimarket-assets/o/10492-5ca63e27-66e5-4377-a841-c70fe98d8458.png?generation=1785077022089021&alt=media,ادوات بلاستيك ومحارم,https://biddimarket.ps/orders/category/محارم-رول/product/10492,
صحون بلاستيك كسرول,2.00,https://storage.googleapis.com/download/storage/v1/b/biddimarket-assets/o/10746-d2cb64da-fe51-4965-a94a-b74cb5d791ae.png?generation=1770562295589147&alt=media,ادوات بلاستيك ومحارم,https://biddimarket.ps/orders/category/صحون-ومعالق/product/10746,
تواليت ريما 32 رول,33.00,https://storage.googleapis.com/download/storage/v1/b/biddimarket-assets/o/10845-5b908852-f4f9-4800-b739-544d8a95e712.png?generation=1785077085866670&alt=media,ادوات بلاستيك ومحارم,https://biddimarket.ps/orders/category/محارم-رول/product/10845,
محارم معطرة هاجز,5.00,https://storage.googleapis.com/download/storage/v1/b/biddimarket-assets/o/020155-48ee4ace-f596-4b42-b562-fe3897006964.png?generation=1785078703049117&alt=media,ادوات بلاستيك ومحارم,https://biddimarket.ps/orders/category/محارم-معطرة/product/020155,
اكياس ساندويش 25*18,2.50,https://storage.googleapis.com/download/storage/v1/b/biddimarket-assets/o/020075-b2fa5e31-7b0a-4cfd-8d3c-28e0a1e42807.png?generation=1785079290426052&alt=media,ادوات بلاستيك ومحارم,https://biddimarket.ps/orders/category/اكياس-و-جلاتين/product/020075,
محارم مبللة الشهد دلو 400 محرمة,14.00,https://storage.googleapis.com/download/storage/v1/b/biddimarket-assets/o/020128-c8e621fe-00ae-407d-b874-69fd3432b3f7.png?generation=1785078809780716&alt=media,ادوات بلاستيك ومحارم,https://biddimarket.ps/orders/category/محارم-معطرة/product/020128,
اكياس شواء دجاج,2.00,https://storage.googleapis.com/download/storage/v1/b/biddimarket-assets/o/120010-a2e59392-8dfc-4ebf-b6bc-66a9d5bb4181.png?generation=1770563043337954&alt=media,ادوات بلاستيك ومحارم,https://biddimarket.ps/orders/category/اكياس-و-جلاتين/product/120010,
محارم السيف مقطع 800غم,11.00,https://storage.googleapis.com/download/storage/v1/b/biddimarket-assets/o/120011-b8af8638-0e9c-45b4-883e-42adee446a5f.png?generation=1785077574593525&alt=media,ادوات بلاستيك ومحارم,https://biddimarket.ps/orders/category/محارم-مقطع/product/120011,
رول تغليف طعام 45 سم 200متر,22.00,https://storage.googleapis.com/download/storage/v1/b/biddimarket-assets/o/120064-08095da6-634a-486e-865a-dd3ecb276eb6.png?generation=1785079200314357&alt=media,ادوات بلاستيك ومحارم,https://biddimarket.ps/orders/category/اكياس-و-جلاتين/product/120064,
ورق زبدة 25 قطعة,5.00,https://storage.googleapis.com/download/storage/v1/b/biddimarket-assets/o/120079-beabce1e-d072-4c6c-94f1-a75f3990e63b.png?generation=1773788925465997&alt=media,ادوات بلاستيك ومحارم,https://biddimarket.ps/orders/category/اكياس-و-جلاتين/product/120079,
قصدير رول 45 متر,20.00,https://storage.googleapis.com/download/storage/v1/b/biddimarket-assets/o/120083-03fe3678-00fc-45b9-88ef-8ab6fb759042.png?generation=1785080405809410&alt=media,ادوات بلاستيك ومحارم,https://biddimarket.ps/orders/category/قصدير/product/120083,
قصدير رول 7.5 متر,6.00,https://storage.googleapis.com/download/storage/v1/b/biddimarket-assets/o/120084-16a56bf7-0a63-4a64-8ac2-09b5bd5e5f6a.png?generation=1785080194226631&alt=media,ادوات بلاستيك ومحارم,https://biddimarket.ps/orders/category/قصدير/product/120084,
محارم علاء الدين 1/5 850غم,10.00,https://storage.googleapis.com/download/storage/v1/b/biddimarket-assets/o/120088-d2ba3995-51e2-4c5c-9bb2-4d229da3ac59.png?generation=1785077697991219&alt=media,ادوات بلاستيك ومحارم,https://biddimarket.ps/orders/category/محارم-مقطع/product/120088,
محارم 6 قطع 5 طبقات شهد 1 كيلو,12.00,https://storage.googleapis.com/download/storage/v1/b/biddimarket-assets/o/120097-c779669a-bf88-4972-9faf-13217961ee40.png?generation=1783628680374174&alt=media,ادوات بلاستيك ومحارم,https://biddimarket.ps/orders/category/محارم-مقطع/product/120097,
محارم جيب,1.00,https://storage.googleapis.com/download/storage/v1/b/biddimarket-assets/o/120098-1dcaca7e-975b-48d6-bc5c-3381087e2fe6.png?generation=1785077723957436&alt=media,ادوات بلاستيك ومحارم,https://biddimarket.ps/orders/category/محارم-مقطع/product/120098,
كاسات كرتون 7 اوز,3.00,https://storage.googleapis.com/download/storage/v1/b/biddimarket-assets/o/120121-f931af7f-f548-49c2-91cc-dd7c7a8fc053.png?generation=1785079754839520&alt=media,ادوات بلاستيك ومحارم,https://biddimarket.ps/orders/category/كاسات-كرتون/product/120121,
كاسات قهوة 2.5 اوز,2.00,https://storage.googleapis.com/download/storage/v1/b/biddimarket-assets/o/120122-1ee4b750-c923-48c9-ab47-8cf2ee8d0020.png?generation=1785079954000021&alt=media,ادوات بلاستيك ومحارم,https://biddimarket.ps/orders/category/كاسات-كرتون/product/120122,
محارم السيف 200 محرمة,15.00,https://storage.googleapis.com/download/storage/v1/b/biddimarket-assets/o/120131-09441efb-998d-47eb-a3ed-e5867ffd33ba.png?generation=1785077803495312&alt=media,ادوات بلاستيك ومحارم,https://biddimarket.ps/orders/category/محارم-مقطع/product/120131,
محارم مقطع شهد 5 طبقات 1/4 600غم,8.00,https://storage.googleapis.com/download/storage/v1/b/biddimarket-assets/o/120134-822daa20-aa96-4c44-8700-d87d8f6f2a50.png?generation=1773009662154159&alt=media,ادوات بلاستيك ومحارم,https://biddimarket.ps/orders/category/محارم-مقطع/product/120134,
محارم ريما مقطع 1 كيلو,17.00,https://storage.googleapis.com/download/storage/v1/b/biddimarket-assets/o/120137-66d189ec-18af-4cfc-9fad-6b8b828c192c.png?generation=1773009771926779&alt=media,ادوات بلاستيك ومحارم,https://biddimarket.ps/orders/category/محارم-مقطع/product/120137,
مناشف مطبخ لاشيف 8 رول,12.00,https://storage.googleapis.com/download/storage/v1/b/biddimarket-assets/o/120141-ad00b044-9786-46ab-ad76-dd02dd8dd9b4.png?generation=1773009864384502&alt=media,ادوات بلاستيك ومحارم,https://biddimarket.ps/orders/category/محارم-رول/product/120141,
مناشف مطبخ لاشيف 6 رول,10.00,https://storage.googleapis.com/download/storage/v1/b/biddimarket-assets/o/120142-2c23652e-412a-4cbd-b8ce-3d1a3840357c.png?generation=1773010070840599&alt=media,ادوات بلاستيك ومحارم,https://biddimarket.ps/orders/category/محارم-رول/product/120142,
كاسات بلاستيك 220 مل,4.00,https://storage.googleapis.com/download/storage/v1/b/biddimarket-assets/o/120160-a455ee0e-a082-4497-9e49-49e60589acbd.png?generation=1785079652522805&alt=media,ادوات بلاستيك ومحارم,https://biddimarket.ps/orders/category/كاسات-بلاستيك/product/120160,
كاسات كرتون 4 اوز,2.50,https://storage.googleapis.com/download/storage/v1/b/biddimarket-assets/o/120161-4d08708c-82fd-4e67-82a8-5910db62983d.png?generation=1785079823282536&alt=media,ادوات بلاستيك ومحارم,https://biddimarket.ps/orders/category/كاسات-كرتون/product/120161,
كاسات كرتون 12 اوز,8.00,https://storage.googleapis.com/download/storage/v1/b/biddimarket-assets/o/120162-54bc4096-365a-4dd5-bbbb-1ac26efb0dbf.png?generation=1785079883738340&alt=media,ادوات بلاستيك ومحارم,https://biddimarket.ps/orders/category/كاسات-كرتون/product/120162,
كاسات كرتون 9 اوز,4.00,https://storage.googleapis.com/download/storage/v1/b/biddimarket-assets/o/120163-fd86eada-f66a-4dd4-9efc-fd07f7b20ba7.png?generation=1785080032480414&alt=media,ادوات بلاستيك ومحارم,https://biddimarket.ps/orders/category/كاسات-كرتون/product/120163,
صحون بلاستيك 21 سم,3.00,https://storage.googleapis.com/download/storage/v1/b/biddimarket-assets/o/120167-e6bc3aaf-1309-46a0-9fc4-beb201c1201d.png?generation=1769537799277552&alt=media,ادوات بلاستيك ومحارم,https://biddimarket.ps/orders/category/صحون-ومعالق/product/120167,
صحون بلاستيك 17 سم ملون,2.00,https://storage.googleapis.com/download/storage/v1/b/biddimarket-assets/o/120168-635e99af-56fa-4df1-bd63-c591ecc0b0e2.png?generation=1770907488569550&alt=media,ادوات بلاستيك ومحارم,https://biddimarket.ps/orders/category/صحون-ومعالق/product/120168,
صحون بلاستيك مجور 17 سم,3.00,https://storage.googleapis.com/download/storage/v1/b/biddimarket-assets/o/120169-1132f75f-4042-492f-9049-6adeccf9d1f5.png?generation=1770562565043144&alt=media,ادوات بلاستيك ومحارم,https://biddimarket.ps/orders/category/صحون-ومعالق/product/120169,
صحون بلاستيك مجور زبادي,1.50,https://storage.googleapis.com/download/storage/v1/b/biddimarket-assets/o/120170-f9398564-d677-42fe-89f9-2b4ec75e7291.png?generation=1770562077319285&alt=media,ادوات بلاستيك ومحارم,https://biddimarket.ps/orders/category/صحون-ومعالق/product/120170,
صحون بلاستيك ثقيل 26 سم,6.00,https://storage.googleapis.com/download/storage/v1/b/biddimarket-assets/o/120171-b3a83bce-a117-4f45-a5a2-0f5411ce6183.png?generation=1770907570225763&alt=media,ادوات بلاستيك ومحارم,https://biddimarket.ps/orders/category/صحون-ومعالق/product/120171,
ملاعق كرستال,3.00,https://storage.googleapis.com/download/storage/v1/b/biddimarket-assets/o/120172-de15a041-a78d-4285-a2f1-f82ca93ebb4f.png?generation=1770562759688999&alt=media,ادوات بلاستيك ومحارم,https://biddimarket.ps/orders/category/صحون-ومعالق/product/120172,
اكياس نفايات صفط,5.00,https://storage.googleapis.com/download/storage/v1/b/biddimarket-assets/o/120173-7a72a3c4-f63e-4a10-96e0-0155d6d0a20c.png?generation=1785079119366312&alt=media,ادوات بلاستيك ومحارم,https://biddimarket.ps/orders/category/اكياس-و-جلاتين/product/120173,
مفارش طاولة 24 متر,3.00,https://storage.googleapis.com/download/storage/v1/b/biddimarket-assets/o/120175-10b3b500-eeac-4107-9f0c-1dc1310648ca.png?generation=1770739132661995&alt=media,ادوات بلاستيك ومحارم,https://biddimarket.ps/orders/category/اكياس-و-جلاتين/product/120175,
مفارش طاولة 100 متر,26.00,https://storage.googleapis.com/download/storage/v1/b/biddimarket-assets/o/120177-99eb3572-090a-487c-b4fb-30b47e4f588a.png?generation=1770903407366604&alt=media,ادوات بلاستيك ومحارم,https://biddimarket.ps/orders/category/اكياس-و-جلاتين/product/120177,
محارم ذهب مقطع 900غم 1/5,10.00,https://storage.googleapis.com/download/storage/v1/b/biddimarket-assets/o/120179-f9b0e539-02db-422e-9122-34ef1fac57cf.png?generation=1773010160246243&alt=media,ادوات بلاستيك ومحارم,https://biddimarket.ps/orders/category/محارم-مقطع/product/120179,
محارم سليمة 1/6 1 كيلو,10.00,https://storage.googleapis.com/download/storage/v1/b/biddimarket-assets/o/120182-9e788411-9060-41cb-b6b3-afdcf4536046.png?generation=1768484260726746&alt=media,ادوات بلاستيك ومحارم,https://biddimarket.ps/orders/category/محارم-مقطع/product/120182,
محارم الف بلس مقطع 900غم,10.00,https://storage.googleapis.com/download/storage/v1/b/biddimarket-assets/o/120183-79756367-ef3f-4b7e-b4c9-22a9858116f7.png?generation=1787418879226029&alt=media,ادوات بلاستيك ومحارم,https://biddimarket.ps/orders/category/محارم-مقطع/product/120183,
قصدير العطاء,5.00,https://storage.googleapis.com/download/storage/v1/b/biddimarket-assets/o/120222-52627238-b47f-4c36-af67-39646befac35.png?generation=1785080313373226&alt=media,ادوات بلاستيك ومحارم,https://biddimarket.ps/orders/category/قصدير/product/120222,
كاسات بلاستيك 1/80,2.50,https://storage.googleapis.com/download/storage/v1/b/biddimarket-assets/o/120258-50b1a297-c6c1-45ee-9ac6-09eb1da7c7bb.png?generation=1785079601414542&alt=media,ادوات بلاستيك ومحارم,https://biddimarket.ps/orders/category/كاسات-بلاستيك/product/120258,
محارم رول قماش للمطبخ,12.00,https://storage.googleapis.com/download/storage/v1/b/biddimarket-assets/o/120263-ca7bc3f9-0415-483d-b5a1-78b0f3da5cf7.png?generation=1785077169884487&alt=media,ادوات بلاستيك ومحارم,https://biddimarket.ps/orders/category/محارم-رول/product/120263,
اكياس نفايات رول 75*90 1 كيلو,10.00,https://storage.googleapis.com/download/storage/v1/b/biddimarket-assets/o/120269-abc9b4e7-a0b8-466b-af3d-71a3ce74fc85.png?generation=1785079053146336&alt=media,ادوات بلاستيك ومحارم,https://biddimarket.ps/orders/category/اكياس-و-جلاتين/product/120269,
ورق زبدة 50 قطعة,10.00,https://storage.googleapis.com/download/storage/v1/b/biddimarket-assets/o/1680001-af1859b1-9b46-4ada-9022-4873b463be1a.png?generation=1773077767995396&alt=media,ادوات بلاستيك ومحارم,https://biddimarket.ps/orders/category/اكياس-و-جلاتين/product/1680001,
محارم سوفتي تواليت 32 رول,34.00,https://storage.googleapis.com/download/storage/v1/b/biddimarket-assets/o/820015-9caba8f8-01a2-4436-b92d-68f037f999f5.png?generation=1773010382183100&alt=media,ادوات بلاستيك ومحارم,https://biddimarket.ps/orders/category/محارم-رول/product/820015,
محارم مطبخ ريما 3 رول مضغوط,18.00,https://storage.googleapis.com/download/storage/v1/b/biddimarket-assets/o/820018-1889a33a-5cb7-43f1-897c-841dfdaa674a.png?generation=1773010496650477&alt=media,ادوات بلاستيك ومحارم,https://biddimarket.ps/orders/category/محارم-رول/product/820018,
تواليت ريمكس 24 رول,27.00,https://storage.googleapis.com/download/storage/v1/b/biddimarket-assets/o/820021-b36061ea-a49e-4a07-87f6-963d42282f81.png?generation=1785077228681863&alt=media,ادوات بلاستيك ومحارم,https://biddimarket.ps/orders/category/محارم-رول/product/820021,
محارم مطبخ سيلباك رول,10.00,https://storage.googleapis.com/download/storage/v1/b/biddimarket-assets/o/820034-35a04fe5-924e-4f97-98f7-20f18d7bbfa1.png?generation=1770048705464106&alt=media,ادوات بلاستيك ومحارم,https://biddimarket.ps/orders/category/محارم-رول/product/820034,
محارم رول صناعي 4 كيلو,50.00,https://storage.googleapis.com/download/storage/v1/b/biddimarket-assets/o/820036-944ccbf5-0bfc-44f7-9c86-8143e365ff76.png?generation=1772741303149354&alt=media,ادوات بلاستيك ومحارم,https://biddimarket.ps/orders/category/محارم-رول/product/820036,
محارم رول صناعي 3 كيلو,35.00,https://storage.googleapis.com/download/storage/v1/b/biddimarket-assets/o/820037-ea85c578-23b9-4f08-9630-f12d4b63e195.png?generation=1772047656635957&alt=media,ادوات بلاستيك ومحارم,https://biddimarket.ps/orders/category/محارم-رول/product/820037,
محارم 18 رول الف بلس 2.7 كغم,27.00,https://storage.googleapis.com/download/storage/v1/b/biddimarket-assets/o/820039-447d5437-ba85-48a3-9eb1-a6f73ea0c1bb.png?generation=1771713717989210&alt=media,ادوات بلاستيك ومحارم,https://biddimarket.ps/orders/category/محارم-رول/product/820039,
حفاظات هاجز احمر 6 للاطفال,30.00,https://storage.googleapis.com/download/storage/v1/b/biddimarket-assets/o/120143-120143-ai-optimized.png?generation=1786211145867386&alt=media,العناية بالطفل,https://biddimarket.ps/orders/category/حفاظات-اطفال/product/120143,
حفاظات هاجز احمر 5 للاطفال,30.00,https://storage.googleapis.com/download/storage/v1/b/biddimarket-assets/o/480027-480027-ai-optimized.png?generation=1786211401165532&alt=media,العناية بالطفل,https://biddimarket.ps/orders/category/حفاظات-اطفال/product/480027,
حفاظات هاجز احمر 4 للاطفال,30.00,https://storage.googleapis.com/download/storage/v1/b/biddimarket-assets/o/480028-480028-ai-optimized.png?generation=1786211365229940&alt=media,العناية بالطفل,https://biddimarket.ps/orders/category/حفاظات-اطفال/product/480028,
شامبو جونسون للاطفال 750مل,15.00,https://storage.googleapis.com/download/storage/v1/b/biddimarket-assets/o/020116-affcb541-7b9b-4ed3-9952-341ac94e95e8.png?generation=1786210699455639&alt=media,العناية بالطفل,https://biddimarket.ps/orders/category/العناية-بالأطفال/product/020116,
حفاظات بامبرز دبل 1 للاطفال,25.00,https://storage.googleapis.com/download/storage/v1/b/biddimarket-assets/o/020131-uj.png?generation=1785283294299169&alt=media,العناية بالطفل,https://biddimarket.ps/orders/category/حفاظات-اطفال/product/020131,
حفاظات كوشي بيبي 3 للاطفال,30.00,https://storage.googleapis.com/download/storage/v1/b/biddimarket-assets/o/020132-ggr.png?generation=1785284193167972&alt=media,العناية بالطفل,https://biddimarket.ps/orders/category/حفاظات-اطفال/product/020132,
مجمع فرشاة اسنان للاطفال 5 قطع,15.00,https://storage.googleapis.com/download/storage/v1/b/biddimarket-assets/o/1330057-61f580fc-09c9-478e-8966-e44f8758e2be.png?generation=1774975548114203&alt=media,العناية بالطفل,https://biddimarket.ps/orders/category/العناية-بالأطفال/product/1330057,
فرشاة اسنان اطفال,5.00,https://storage.googleapis.com/download/storage/v1/b/biddimarket-assets/o/120069-76c6be41-b59c-4b9b-ace4-5cb19368784c.png?generation=1785492600586807&alt=media,العناية بالطفل,https://biddimarket.ps/orders/category/العناية-بالأطفال/product/120069,
حفاظات بامبرز دبل 2 للاطفال,25.00,https://storage.googleapis.com/download/storage/v1/b/biddimarket-assets/o/480015-1b8fdb07-4cbb-4b8f-adcf-9df63162eeca.png?generation=1785081255784207&alt=media,العناية بالطفل,https://biddimarket.ps/orders/category/حفاظات-اطفال/product/480015,
حفاظات بامبرز دبل 4 للاطفال,25.00,https://storage.googleapis.com/download/storage/v1/b/biddimarket-assets/o/480016-36b3a54b-0d78-45f9-9a65-daedd1f6deb6.png?generation=1785081318312130&alt=media,العناية بالطفل,https://biddimarket.ps/orders/category/حفاظات-اطفال/product/480016,
حفاظات بامبرز دبل 3 للاطفال,25.00,https://storage.googleapis.com/download/storage/v1/b/biddimarket-assets/o/480017-65a609c7-db33-461b-a938-8b9d46c1c2b6.png?generation=1785081395336922&alt=media,العناية بالطفل,https://biddimarket.ps/orders/category/حفاظات-اطفال/product/480017,
حفاظات بامبرز دبل 5 للاطفال,25.00,https://storage.googleapis.com/download/storage/v1/b/biddimarket-assets/o/480020-da4bbb25-1dbc-48bc-8314-2f21255a8553.png?generation=1785081586437776&alt=media,العناية بالطفل,https://biddimarket.ps/orders/category/حفاظات-اطفال/product/480020,
حفاظات كوشي بيبي 4 للاطفال,30.00,https://storage.googleapis.com/download/storage/v1/b/biddimarket-assets/o/480032-86574b73-0ab1-4a5e-8cbb-ad54cee942a2.png?generation=1785083313885322&alt=media,العناية بالطفل,https://biddimarket.ps/orders/category/حفاظات-اطفال/product/480032,
حفاظات كوشي بيبي 2 للاطفال,30.00,https://storage.googleapis.com/download/storage/v1/b/biddimarket-assets/o/480033-06088c5c-ff2c-4b4a-bba6-23582d9369e0.png?generation=1785083398909078&alt=media,العناية بالطفل,https://biddimarket.ps/orders/category/حفاظات-اطفال/product/480033,
حفاظات اطفال سيتي بيبي نمرة 4,27.00,https://storage.googleapis.com/download/storage/v1/b/biddimarket-assets/o/480052-a0a03773-b7a5-447d-b46d-c68452388731.png?generation=1785083212011714&alt=media,العناية بالطفل,https://biddimarket.ps/orders/category/حفاظات-اطفال/product/480052,
حفاظات اطفال سيتي بيبي نمرة 3,27.00,https://storage.googleapis.com/download/storage/v1/b/biddimarket-assets/o/480054-9fd149cc-46c9-4580-8b34-c35ee2f152ea.png?generation=1785082190193610&alt=media,العناية بالطفل,https://biddimarket.ps/orders/category/حفاظات-اطفال/product/480054,
حفاظات كوشي بيبي 7 للاطفال,30.00,https://storage.googleapis.com/download/storage/v1/b/biddimarket-assets/o/480055-jh.png?generation=1785281354450824&alt=media,العناية بالطفل,https://biddimarket.ps/orders/category/حفاظات-اطفال/product/480055,
حفاظات اطفال سيتي بيبي نمرة 6+,27.00,https://storage.googleapis.com/download/storage/v1/b/biddimarket-assets/o/480060-2a29df7f-f95f-4c9f-933b-c773a13257ef.png?generation=1785105206748201&alt=media,العناية بالطفل,https://biddimarket.ps/orders/category/حفاظات-اطفال/product/480060,
حفاظات اطفال كوشي بيبي رقم 1,30.00,https://storage.googleapis.com/download/storage/v1/b/biddimarket-assets/o/480061-849e7ac9-dbc1-4cde-a4e8-58f5dceafb5e.png?generation=1785105364039883&alt=media,العناية بالطفل,https://biddimarket.ps/orders/category/حفاظات-اطفال/product/480061,
حفاظات اطفال بريدو 60قطعة رقم 4,33.00,https://storage.googleapis.com/download/storage/v1/b/biddimarket-assets/o/480063-111.png?generation=1785105844578500&alt=media,العناية بالطفل,https://biddimarket.ps/orders/category/حفاظات-اطفال/product/480063,
حفاظات اطفال بريدو 52قطعه رقم 5,33.00,https://storage.googleapis.com/download/storage/v1/b/biddimarket-assets/o/480064-222.png?generation=1785105943944654&alt=media,العناية بالطفل,https://biddimarket.ps/orders/category/حفاظات-اطفال/product/480064,
حفاظات اطفال كول بيبي نمرة 4,35.00,https://storage.googleapis.com/download/storage/v1/b/biddimarket-assets/o/480066-492100fc-ca63-4f02-a15d-a158267ae8eb.png?generation=1774977644378098&alt=media,العناية بالطفل,https://biddimarket.ps/orders/category/حفاظات-اطفال/product/480066,
حفاظات اطفال كول بيبي نمرة 5,35.00,https://storage.googleapis.com/download/storage/v1/b/biddimarket-assets/o/480067-5f7b1f62-f5c6-4634-962d-b3d4008c93a0.png?generation=1774974801843565&alt=media,العناية بالطفل,https://biddimarket.ps/orders/category/حفاظات-اطفال/product/480067,
حفاظات بامبرز دبل 6 للاطفال,25.00,https://storage.googleapis.com/download/storage/v1/b/biddimarket-assets/o/480019-fcedf15a-75c2-462a-9345-6c4dc3195aed.png?generation=1785081498023441&alt=media,العناية بالطفل,https://biddimarket.ps/orders/category/حفاظات-اطفال/product/480019,
حفاظات كوشي بيبي 6 للاطفال,30.00,https://storage.googleapis.com/download/storage/v1/b/biddimarket-assets/o/480029-kkj.png?generation=1785282121272193&alt=media,العناية بالطفل,https://biddimarket.ps/orders/category/حفاظات-اطفال/product/480029,
حفاظات كوشي بيبي 5 للاطفال,30.00,https://storage.googleapis.com/download/storage/v1/b/biddimarket-assets/o/480030-2645dd48-c2db-464c-ac58-6cb5350e72f6.png?generation=1785081817563897&alt=media,العناية بالطفل,https://biddimarket.ps/orders/category/حفاظات-اطفال/product/480030,
حفاظات اطفال كوشي بيبي رقم 8,30.00,https://storage.googleapis.com/download/storage/v1/b/biddimarket-assets/o/480062-1f82e8dc-ffce-4f24-a267-b869f94b0d49.png?generation=1785105576844811&alt=media,العناية بالطفل,https://biddimarket.ps/orders/category/حفاظات-اطفال/product/480062,
مخلوطة تركية 30غم,1.00,https://storage.googleapis.com/download/storage/v1/b/biddimarket-assets/o/040270-IMG_E3690-no-bg.png?generation=1731944185668869&alt=media,حوائج اطفال,https://biddimarket.ps/orders/category/حوائج-مشكل/product/040270,
حصالة 1 شيكل,1.00,https://storage.googleapis.com/download/storage/v1/b/biddimarket-assets/o/120264-120264-ai-optimized.png?generation=1785146289856306&alt=media,حوائج اطفال,https://biddimarket.ps/orders/category/العاب/product/120264,
توتي فروتي قلب 18 غم,1.00,https://storage.googleapis.com/download/storage/v1/b/biddimarket-assets/o/10611-558e7b8d-4ca0-49ea-afa2-b0a0aa56c0b0.png?generation=1785771498587491&alt=media,حوائج اطفال,https://biddimarket.ps/orders/category/حوائج-مشكل/product/10611,
بيض كندر جوي بنات,4.00,https://storage.googleapis.com/download/storage/v1/b/biddimarket-assets/o/10684-a8cdc482-ea0a-427a-ab2a-cc7e1e2f0371.png?generation=1785769983726733&alt=media,حوائج اطفال,https://biddimarket.ps/orders/category/حوائج-مشكل/product/10684,
شوبا شوبس قطن زهري,3.00,https://storage.googleapis.com/download/storage/v1/b/biddimarket-assets/o/040306-5e2565ea-a9e0-4697-8198-160040e1595b.png?generation=1785769458106414&alt=media,حوائج اطفال,https://biddimarket.ps/orders/category/حوائج-مشكل/product/040306,
قرطوس 1 شيقل,1.00,https://storage.googleapis.com/download/storage/v1/b/biddimarket-assets/o/040463-06a37178-e0d2-4203-a3d6-d7409248bd34.png?generation=1785769353657051&alt=media,حوائج اطفال,https://biddimarket.ps/orders/category/حوائج-مشكل/product/040463,
كشاف يد 1 شيكل,1.00,https://storage.googleapis.com/download/storage/v1/b/biddimarket-assets/o/120124-268b61d5-d8e1-4b25-acae-25ec01e2f0a8.png?generation=1785106251403335&alt=media,حوائج اطفال,https://biddimarket.ps/orders/category/العاب/product/120124,
شدة 525,5.00,https://storage.googleapis.com/download/storage/v1/b/biddimarket-assets/o/120238-ffd.png?generation=1785281170507347&alt=media,حوائج اطفال,https://biddimarket.ps/orders/category/العاب/product/120238,
شدة 1 شيكل,1.00,https://storage.googleapis.com/download/storage/v1/b/biddimarket-assets/o/120239-5e359a1e-b5cc-435d-9d82-742d53099d7c.png?generation=1785106400534551&alt=media,حوائج اطفال,https://biddimarket.ps/orders/category/العاب/product/120239,
توتي فروتي كولا 18غم,1.00,https://storage.googleapis.com/download/storage/v1/b/biddimarket-assets/o/1240038-7bd57e29-291c-4a8f-b3b4-fd1de8ca54d3.png?generation=1785771728101739&alt=media,حوائج اطفال,https://biddimarket.ps/orders/category/حوائج-مشكل/product/1240038,
توتي فروتي 18غم,1.00,https://storage.googleapis.com/download/storage/v1/b/biddimarket-assets/o/1240040-f973cce3-5b8d-4aa6-b513-093d6953f4bf.png?generation=1785106793926553&alt=media,حوائج اطفال,https://biddimarket.ps/orders/category/حوائج-مشكل/product/1240040,
بيض كندر جوي اولاد,4.00,https://storage.googleapis.com/download/storage/v1/b/biddimarket-assets/o/1240074-796c1cea-41ca-4bd3-adb4-58a8731f4a73.png?generation=1785769793922463&alt=media,حوائج اطفال,https://biddimarket.ps/orders/category/حوائج-مشكل/product/1240074,
اوزمو هوبو 25غم,1.50,https://storage.googleapis.com/download/storage/v1/b/biddimarket-assets/o/1240079-2cd6f324-9b22-4ea4-be84-1384d55e4b7a.png?generation=1785769683753334&alt=media,حوائج اطفال,https://biddimarket.ps/orders/category/حوائج-مشكل/product/1240079,
جلي قب مشكل 35 حبة,10.00,https://storage.googleapis.com/download/storage/v1/b/biddimarket-assets/o/1240117-7bac8fcd-d879-41b5-b5cd-3d93b4e836f1.png?generation=1785113991371215&alt=media,حوائج اطفال,https://biddimarket.ps/orders/category/حوائج-مشكل/product/1240117,
سوس تويست ستيك برتقالي,1.00,https://storage.googleapis.com/download/storage/v1/b/biddimarket-assets/o/1240119-ac7d5b65-c388-47c2-88dc-2f2e97b06c5f.png?generation=1785772534564170&alt=media,حوائج اطفال,https://biddimarket.ps/orders/category/حوائج-مشكل/product/1240119,
سوس تويست ستيك ازرق,1.00,https://storage.googleapis.com/download/storage/v1/b/biddimarket-assets/o/1240120-fa454ef0-daf0-447e-b8db-6a3d09470b63.png?generation=1785772667198289&alt=media,حوائج اطفال,https://biddimarket.ps/orders/category/حوائج-مشكل/product/1240120,
بندق المسلماني 40غم,1.00,https://storage.googleapis.com/download/storage/v1/b/biddimarket-assets/o/1240121-0c56655d-c85c-4fca-873d-3a6b9641a28e.png?generation=1783623314434781&alt=media,حوائج اطفال,https://biddimarket.ps/orders/category/حوائج-مشكل/product/1240121,
اوزمو برغر 40غم,3.00,https://storage.googleapis.com/download/storage/v1/b/biddimarket-assets/o/1240128-36645a3d-c867-479d-b167-8dcecb87ec89.png?generation=1783626785672266&alt=media,حوائج اطفال,https://biddimarket.ps/orders/category/حوائج-مشكل/product/1240128,
بنور,2.00,https://storage.googleapis.com/download/storage/v1/b/biddimarket-assets/o/150019-e750883a-21d3-4363-8217-5e81a50a4ec1.png?generation=1785773043338294&alt=media,حوائج اطفال,https://biddimarket.ps/orders/category/العاب/product/150019,
بيض العاب فاني توي,3.00,https://storage.googleapis.com/download/storage/v1/b/biddimarket-assets/o/150020-6b192476-d20f-480c-bb5f-84dbbefe32b7.png?generation=1785771613378669&alt=media,حوائج اطفال,https://biddimarket.ps/orders/category/العاب/product/150020,
العاب مشكل النجار مع حلوايات,10.00,https://storage.googleapis.com/download/storage/v1/b/biddimarket-assets/o/150039-f1ac5c3e-cb93-4a24-8a4a-65ba1a3b458c.png?generation=1785115328943128&alt=media,حوائج اطفال,https://biddimarket.ps/orders/category/العاب/product/150039,
حصالة حديد حجم صغير,6.00,https://storage.googleapis.com/download/storage/v1/b/biddimarket-assets/o/150044-bd371623-6ca8-47ef-b9c6-3cbff3ffb1d8.png?generation=1785117501960317&alt=media,حوائج اطفال,https://biddimarket.ps/orders/category/العاب/product/150044,
حصالة حديد حجم كبير,10.00,https://storage.googleapis.com/download/storage/v1/b/biddimarket-assets/o/150046-023601b4-843f-44c2-9b99-2365e94609b5.png?generation=1785117945166035&alt=media,حوائج اطفال,https://biddimarket.ps/orders/category/العاب/product/150046,
بنور كبير,3.00,https://storage.googleapis.com/download/storage/v1/b/biddimarket-assets/o/150049-53e13d84-8773-46c8-b68b-bbc2c6853c6a.png?generation=1785772971181510&alt=media,حوائج اطفال,https://biddimarket.ps/orders/category/العاب/product/150049,
جلي بابلز,1.00,https://storage.googleapis.com/download/storage/v1/b/biddimarket-assets/o/1240039-65237a29-6081-4436-991c-b23a3d7faf53.png?generation=1785772895227318&alt=media,حوائج اطفال,https://biddimarket.ps/orders/category/حوائج-مشكل/product/1240039,
شوبا شوبس قطن ازرق,3.00,https://storage.googleapis.com/download/storage/v1/b/biddimarket-assets/o/1240114-481036a5-402e-4cd5-8994-abecc7f4a9c2.png?generation=1785110421154734&alt=media,حوائج اطفال,https://biddimarket.ps/orders/category/حوائج-مشكل/product/1240114,
شوبا شوبس قطن اخضر,3.00,https://storage.googleapis.com/download/storage/v1/b/biddimarket-assets/o/1240118-ba6c7825-a8aa-4b8e-8913-7f922ff964ed.png?generation=1785769574866319&alt=media,حوائج اطفال,https://biddimarket.ps/orders/category/حوائج-مشكل/product/1240118,
فوط اولويز دبل,9.00,https://storage.googleapis.com/download/storage/v1/b/biddimarket-assets/o/10869-c57a1219-f807-432d-9524-0b5228c0f6a6.png?generation=1786211514702996&alt=media,العناية بالمرأة,https://biddimarket.ps/orders/category/فوط-نسائية/product/10869,
فوط ماما ياسمين اصفر,3.00,https://storage.googleapis.com/download/storage/v1/b/biddimarket-assets/o/020010-nn.png?generation=1785275463320979&alt=media,العناية بالمرأة,https://biddimarket.ps/orders/category/فوط-نسائية/product/020010,
اولويز مصري دبل,7.00,https://storage.googleapis.com/download/storage/v1/b/biddimarket-assets/o/020061-935ac17e-f43a-47da-be3a-5ba4259353fc.png?generation=1786211670340508&alt=media,العناية بالمرأة,https://biddimarket.ps/orders/category/فوط-نسائية/product/020061,
عقيدة الاميرة بدون شبة,3.00,https://storage.googleapis.com/download/storage/v1/b/biddimarket-assets/o/020076-mm.png?generation=1785276607382978&alt=media,العناية بالمرأة,https://biddimarket.ps/orders/category/ازالة-الشعر/product/020076,
كريم فنجال,7.00,https://storage.googleapis.com/download/storage/v1/b/biddimarket-assets/o/11137-rr.png?generation=1785277139404772&alt=media,العناية بالمرأة,https://biddimarket.ps/orders/category/كريم-معطر-جسم/product/11137,
عقيدة الاميرة بالشبه,3.00,https://storage.googleapis.com/download/storage/v1/b/biddimarket-assets/o/11150-bb.png?generation=1785277340362386&alt=media,العناية بالمرأة,https://biddimarket.ps/orders/category/ازالة-الشعر/product/11150,
عقيدة شهرزاد بالشبة,5.00,https://storage.googleapis.com/download/storage/v1/b/biddimarket-assets/o/11223-cc.png?generation=1785277511400047&alt=media,العناية بالمرأة,https://biddimarket.ps/orders/category/ازالة-الشعر/product/11223,
كريم فنجال للقدم 100مل,10.00,https://storage.googleapis.com/download/storage/v1/b/biddimarket-assets/o/1320026-dd.png?generation=1785278575947053&alt=media,العناية بالمرأة,https://biddimarket.ps/orders/category/كريم-معطر-جسم/product/1320026,
فوط يومي كير فري,12.00,https://storage.googleapis.com/download/storage/v1/b/biddimarket-assets/o/120105-ff.png?generation=1785277853292570&alt=media,العناية بالمرأة,https://biddimarket.ps/orders/category/فوط-نسائية/product/120105,
فوط اولويز مفرد يونيبال,6.00,https://storage.googleapis.com/download/storage/v1/b/biddimarket-assets/o/120185-tt.png?generation=1785276797092142&alt=media,العناية بالمرأة,https://biddimarket.ps/orders/category/فوط-نسائية/product/120185,
فوط ياسمين ازرق 1شيقل,1.00,https://storage.googleapis.com/download/storage/v1/b/biddimarket-assets/o/120268-llk.png?generation=1785278407196010&alt=media,العناية بالمرأة,https://biddimarket.ps/orders/category/فوط-نسائية/product/120268,
فوط فام مطوية بالاجنحة حجم كبير 30حبة,15.00,https://storage.googleapis.com/download/storage/v1/b/biddimarket-assets/o/470013-bnm.png?generation=1785279345024464&alt=media,العناية بالمرأة,https://biddimarket.ps/orders/category/فوط-نسائية/product/470013,
فوط فام كلاسيك بالاجنحة حجم كبير 30 حبة,15.00,https://storage.googleapis.com/download/storage/v1/b/biddimarket-assets/o/470016-dds.png?generation=1785279709379876&alt=media,العناية بالمرأة,https://biddimarket.ps/orders/category/فوط-نسائية/product/470016,
فوط فام بالاجنحة ليلي 24 حبة,15.00,https://storage.googleapis.com/download/storage/v1/b/biddimarket-assets/o/470017-ni.png?generation=1785279924570019&alt=media,العناية بالمرأة,https://biddimarket.ps/orders/category/فوط-نسائية/product/470017,
فوط فام بالاجنحة ليلي 8 حبات,10.00,https://storage.googleapis.com/download/storage/v1/b/biddimarket-assets/o/470020-bg.png?generation=1785280689789886&alt=media,العناية بالمرأة,https://biddimarket.ps/orders/category/فوط-نسائية/product/470020,
اولويز مصري صغير 1/9,4.00,https://storage.googleapis.com/download/storage/v1/b/biddimarket-assets/o/470037-8acbb178-5d78-45dc-b58c-b9a45e75cec0.png?generation=1785118488740620&alt=media,العناية بالمرأة,https://biddimarket.ps/orders/category/فوط-نسائية/product/470037,
سبلاش لويال ازرق 250مل,20.00,https://storage.googleapis.com/download/storage/v1/b/biddimarket-assets/o/1600014-245.png?generation=1785118135407892&alt=media,العناية بالمرأة,https://biddimarket.ps/orders/category/كريم-معطر-جسم/product/1600014,
كربم العناية بالبشرة سوفت نيفيا 200مل,15.00,https://storage.googleapis.com/download/storage/v1/b/biddimarket-assets/o/1610035-908.png?generation=1785118349107270&alt=media,العناية بالمرأة,https://biddimarket.ps/orders/category/غسولات-كريمات-البشرة/product/1610035,
اسيتون 100مل,4.00,https://storage.googleapis.com/download/storage/v1/b/biddimarket-assets/o/1650020-faf34f10-6731-415e-a3f8-63023550f975.png?generation=1783630442650443&alt=media,العناية بالمرأة,https://biddimarket.ps/orders/category/مكياج-وعطور/product/1650020,
فوط فام ماكسي بدون اجنحه حجم كبير 30 حبة,15.00,https://storage.googleapis.com/download/storage/v1/b/biddimarket-assets/o/470015-hj.png?generation=1785278813439114&alt=media,العناية بالمرأة,https://biddimarket.ps/orders/category/فوط-نسائية/product/470015,
فوط فام بالاجنحة حجم كبير 10 حبة,8.00,https://storage.googleapis.com/download/storage/v1/b/biddimarket-assets/o/470018-8m.png?generation=1785280231631377&alt=media,العناية بالمرأة,https://biddimarket.ps/orders/category/فوط-نسائية/product/470018,
اولويز مصري صغير,6.00,https://storage.googleapis.com/download/storage/v1/b/biddimarket-assets/o/470036-wx.png?generation=1785280928501903&alt=media,العناية بالمرأة,https://biddimarket.ps/orders/category/فوط-نسائية/product/470036,
فوط فاين للولاده 30 قطعة,15.00,https://storage.googleapis.com/download/storage/v1/b/biddimarket-assets/o/470038-008.png?generation=1785118766735456&alt=media,العناية بالمرأة,https://biddimarket.ps/orders/category/فوط-نسائية/product/470038,
فوط ستاتي هابي نايس 1/18,4.00,https://storage.googleapis.com/download/storage/v1/b/biddimarket-assets/o/470044-4fd6ec3a-83db-4385-ae17-166151014dee.png?generation=1785264403149403&alt=media,العناية بالمرأة,https://biddimarket.ps/orders/category/فوط-نسائية/product/470044,
كريم جونسون للوجه والبشرة 200مل,15.00,https://storage.googleapis.com/download/storage/v1/b/biddimarket-assets/o/1610034-009.png?generation=1785118242825328&alt=media,العناية بالمرأة,https://biddimarket.ps/orders/category/غسولات-كريمات-البشرة/product/1610034,
برو 25 شتراوس قهوة 350 مل,9.00,https://storage.googleapis.com/download/storage/v1/b/biddimarket-assets/o/070076-IMG_6627-no-bg.png?generation=1737564371304201&alt=media,منتجات صحية ودايت,https://biddimarket.ps/orders/category/البان-وأجبان-صحية/product/070076,
زبادي يوناني سادة 350 غم بينار,9.00,https://storage.googleapis.com/download/storage/v1/b/biddimarket-assets/o/1710020-1710020-ai-optimized.png?generation=1768222005803935&alt=media,منتجات صحية ودايت,https://biddimarket.ps/orders/category/البان-وأجبان-صحية/product/1710020,
بورن وينر كيتو 33% بروتين بدون سكر بالشوكولاتة والايس 60غم,10.00,https://storage.googleapis.com/download/storage/v1/b/biddimarket-assets/o/1720104-1720104-ai-optimized.png?generation=1768232923842479&alt=media,منتجات صحية ودايت,https://biddimarket.ps/orders/category/شوكلاتة-صحية/product/1720104,
كوكاكولا زيرو زجاج 300 مل,2.00,https://storage.googleapis.com/download/storage/v1/b/biddimarket-assets/o/070135-c6d61c43-c433-4738-bfdf-23307a2dd102.png?generation=1785167573877059&alt=media,منتجات صحية ودايت,https://biddimarket.ps/orders/category/كولا-وببسي/product/070135,
بروتين جو كوكيز وكراميل 50غم,5.00,https://storage.googleapis.com/download/storage/v1/b/biddimarket-assets/o/040492-e7e8d74b-0277-419e-a5a1-22a77bfdc163.png?generation=1785948914002103&alt=media,منتجات صحية ودايت,https://biddimarket.ps/orders/category/شوكلاتة-صحية/product/040492,
ويفر بدون سكر 250غم,8.00,https://storage.googleapis.com/download/storage/v1/b/biddimarket-assets/o/040600-b07302be-1c65-4a96-95df-0e272393a906.png?generation=1785494799569931&alt=media,منتجات صحية ودايت,https://biddimarket.ps/orders/category/بسكويت-وشوفان-صحي/product/040600,
عسل سدر بري ابو غالي 100 غم,15.00,https://storage.googleapis.com/download/storage/v1/b/biddimarket-assets/o/110340-4a2d80ca-cfc8-4d4a-a2c4-74d971ed146a.png?generation=1785508035714068&alt=media,منتجات صحية ودايت,https://biddimarket.ps/orders/category/عسل-ومنتجات-عضوية/product/110340,
حبوب لقاح ابو غالي 35غم,12.00,https://storage.googleapis.com/download/storage/v1/b/biddimarket-assets/o/110341-aa31459c-1bac-43a3-9cdd-4871b31ccea2.png?generation=1785508159798054&alt=media,منتجات صحية ودايت,https://biddimarket.ps/orders/category/عسل-ومنتجات-عضوية/product/110341,
عسل ابو غالي بالمكسرات 100 غم,15.00,https://storage.googleapis.com/download/storage/v1/b/biddimarket-assets/o/110343-e81bd848-0387-49a8-94b6-3ea6b89f2e6c.png?generation=1785858228842433&alt=media,منتجات صحية ودايت,https://biddimarket.ps/orders/category/عسل-ومنتجات-عضوية/product/110343,
عسل صدر بري ابو غالي 250غم,30.00,https://storage.googleapis.com/download/storage/v1/b/biddimarket-assets/o/110344-fb634b00-196b-496e-aa51-ad0e4edb5877.png?generation=1785858336909548&alt=media,منتجات صحية ودايت,https://biddimarket.ps/orders/category/عسل-ومنتجات-عضوية/product/110344,
حبوب لقاح ابو غالي 125 غم,50.00,https://storage.googleapis.com/download/storage/v1/b/biddimarket-assets/o/110345-36d5fbd3-fb18-4473-8d56-3c44a56262bc.png?generation=1785856701287490&alt=media,منتجات صحية ودايت,https://biddimarket.ps/orders/category/عسل-ومنتجات-عضوية/product/110345,
عسل بالمكسرات خلطة ملكية ابو غالي 250غم,25.00,https://storage.googleapis.com/download/storage/v1/b/biddimarket-assets/o/110346-2dd63e07-99e9-4881-8047-3be2f627854d.png?generation=1785508424753845&alt=media,منتجات صحية ودايت,https://biddimarket.ps/orders/category/عسل-ومنتجات-عضوية/product/110346,
كويكر شوفان 500 غم,10.00,https://storage.googleapis.com/download/storage/v1/b/biddimarket-assets/o/110357-56a3d028-cab9-4c4c-9a34-7c916a295672.png?generation=1785494708843534&alt=media,منتجات صحية ودايت,https://biddimarket.ps/orders/category/بسكويت-وشوفان-صحي/product/110357,
شاي ربيع اخضر طبيعي 100 حبة,15.00,https://storage.googleapis.com/download/storage/v1/b/biddimarket-assets/o/11293-87262db4-b023-4e84-8a22-d8d23faa3f07.png?generation=1785508543105749&alt=media,منتجات صحية ودايت,https://biddimarket.ps/orders/category/قهوة-شاي-نسكافية/product/11293,
برو علب فستق حلبي 200 غم شتراوس,8.00,https://storage.googleapis.com/download/storage/v1/b/biddimarket-assets/o/1150018-ccd496c0-226b-4793-955d-7c80e8ad1177.png?generation=1785121711680963&alt=media,منتجات صحية ودايت,https://biddimarket.ps/orders/category/البان-وأجبان-صحية/product/1150018,
برو علب فراولة 200 غم شتراوس,8.00,https://storage.googleapis.com/download/storage/v1/b/biddimarket-assets/o/1150019-8f063a47-7380-4d90-9266-89cbab9941c4.png?generation=1785963351885444&alt=media,منتجات صحية ودايت,https://biddimarket.ps/orders/category/البان-وأجبان-صحية/product/1150019,
يوبليت جو علب بروتين خوخ,7.00,https://storage.googleapis.com/download/storage/v1/b/biddimarket-assets/o/1160013-d8ead469-a3b9-439e-93bd-1f5b001839b2.png?generation=1785493146697155&alt=media,منتجات صحية ودايت,https://biddimarket.ps/orders/category/البان-وأجبان-صحية/product/1160013,
يوبليت جو علب بروتين فانيلا,7.00,https://storage.googleapis.com/download/storage/v1/b/biddimarket-assets/o/1160014-10b98de8-711d-4959-8f8d-f1e51de9e5c2.png?generation=1785493022374992&alt=media,منتجات صحية ودايت,https://biddimarket.ps/orders/category/البان-وأجبان-صحية/product/1160014,
بروتين جو بالفول السوداني والكرميل والشوكولاتة,3.00,https://storage.googleapis.com/download/storage/v1/b/biddimarket-assets/o/1160025-7932d9c3-4316-4987-b5ce-36ea92b9078a.png?generation=1785494595061617&alt=media,منتجات صحية ودايت,https://biddimarket.ps/orders/category/شوكلاتة-صحية/product/1160025,
مشروب لبن بالبروتين بالتوت البري بينار 320 غم,8.00,https://storage.googleapis.com/download/storage/v1/b/biddimarket-assets/o/1160031-d877133c-13ee-4555-857a-a793856bc89f.png?generation=1785494483004823&alt=media,منتجات صحية ودايت,https://biddimarket.ps/orders/category/مشروبات-صحية/product/1160031,
كانديا بروتين 20غم بالبسكويت وفانيلا 200 غم,7.00,https://storage.googleapis.com/download/storage/v1/b/biddimarket-assets/o/1160039-e5d1ba1c-4beb-4bf7-9b01-84e5cc7b9832.png?generation=1785495644947029&alt=media,منتجات صحية ودايت,https://biddimarket.ps/orders/category/البان-وأجبان-صحية/product/1160039,
مشروب لبن بالبروتين مانجا بينار 320 غم,8.00,https://storage.googleapis.com/download/storage/v1/b/biddimarket-assets/o/1160042-89cca870-1bfa-4fec-87f1-8e23759b1eaf.png?generation=1785495459377607&alt=media,منتجات صحية ودايت,https://biddimarket.ps/orders/category/مشروبات-صحية/product/1160042,
بروفيت بالخوخ والمانجا 20غم بروتين بينار 200غم,7.00,https://storage.googleapis.com/download/storage/v1/b/biddimarket-assets/o/1160047-8c50202d-6da6-4bb3-a527-a23326a2fe12.png?generation=1785509171268973&alt=media,منتجات صحية ودايت,https://biddimarket.ps/orders/category/البان-وأجبان-صحية/product/1160047,
بروفيت بالفانيلا 20غم بروتين بينار 200غم,7.00,https://storage.googleapis.com/download/storage/v1/b/biddimarket-assets/o/1160050-f9c8db25-d283-434d-8986-8a763c33d610.png?generation=1785509017818502&alt=media,منتجات صحية ودايت,https://biddimarket.ps/orders/category/البان-وأجبان-صحية/product/1160050,
قازوز غاغوز بالفواكة خالي من السكر 250مل,3.00,https://storage.googleapis.com/download/storage/v1/b/biddimarket-assets/o/1170148-0599d609-7d12-433a-be6b-61a62aeb73f5.png?generation=1785493997686585&alt=media,منتجات صحية ودايت,https://biddimarket.ps/orders/category/مشروبات-صحية/product/1170148,
قازوز غاغوز يوسفي خالي من السكر250مل,3.00,https://storage.googleapis.com/download/storage/v1/b/biddimarket-assets/o/1170149-26846df3-e15a-4634-aff1-573e1e37760c.png?generation=1785493747171990&alt=media,منتجات صحية ودايت,https://biddimarket.ps/orders/category/مشروبات-صحية/product/1170149,
كولا شات زيرو 250مل,1.00,https://storage.googleapis.com/download/storage/v1/b/biddimarket-assets/o/1170166-e579201e-969f-4374-b50c-51508f44e648.png?generation=1785169983606915&alt=media,منتجات صحية ودايت,https://biddimarket.ps/orders/category/غازية-منوعة/product/1170166,
مشروب فيدا حمضيات بدون سكر 325 مل,4.00,https://storage.googleapis.com/download/storage/v1/b/biddimarket-assets/o/1170182-er.png?generation=1785211547630541&alt=media,منتجات صحية ودايت,https://biddimarket.ps/orders/category/مشروبات-صحية/product/1170182,
مشروب فيدا ليتشي بدون سكر 325مل,4.00,https://storage.googleapis.com/download/storage/v1/b/biddimarket-assets/o/1170183-et.png?generation=1785211832605564&alt=media,منتجات صحية ودايت,https://biddimarket.ps/orders/category/مشروبات-صحية/product/1170183,
خبز شوفان النور,8.00,https://storage.googleapis.com/download/storage/v1/b/biddimarket-assets/o/1700001-0b7eeef7-a5ba-447f-8fb7-0bdf97555340.png?generation=1785495081424564&alt=media,منتجات صحية ودايت,https://biddimarket.ps/orders/category/مخبوزات-صحية/product/1700001,
خبز النور قمح,6.00,https://storage.googleapis.com/download/storage/v1/b/biddimarket-assets/o/1700002-d3b0ed9f-56a1-4aaa-b2ff-b7cc784195c3.png?generation=1785496801256718&alt=media,منتجات صحية ودايت,https://biddimarket.ps/orders/category/مخبوزات-صحية/product/1700002,
خبز النور شعير,7.00,https://storage.googleapis.com/download/storage/v1/b/biddimarket-assets/o/1700003-b6181646-3db2-4bcd-8738-935767a351fb.png?generation=1785496508560447&alt=media,منتجات صحية ودايت,https://biddimarket.ps/orders/category/مخبوزات-صحية/product/1700003,
خبز كتان النور,8.00,https://storage.googleapis.com/download/storage/v1/b/biddimarket-assets/o/1700004-54cb3032-e44d-4734-9755-5efc0997b9d6.png?generation=1785496167452236&alt=media,منتجات صحية ودايت,https://biddimarket.ps/orders/category/مخبوزات-صحية/product/1700004,
تورتيلا قليل الدسم والسكر 20 سم 6 قطع علي,7.00,https://storage.googleapis.com/download/storage/v1/b/biddimarket-assets/o/1700007-0062bf87-1d49-4fba-aeae-dcd14c7bcfcf.png?generation=1770736022203177&alt=media,منتجات صحية ودايت,https://biddimarket.ps/orders/category/مخبوزات-صحية/product/1700007,
خبز توست شرائح اسود بدون سكر تنور عادل,10.00,https://storage.googleapis.com/download/storage/v1/b/biddimarket-assets/o/1700008-d9c56f4e-465b-43e0-95aa-fe00a677cfaa.png?generation=1784152118994888&alt=media,منتجات صحية ودايت,https://biddimarket.ps/orders/category/مخبوزات-صحية/product/1700008,
خبز شوفان دوليسول 800غم,12.00,https://storage.googleapis.com/download/storage/v1/b/biddimarket-assets/o/1700011-df7bcba2-2770-4feb-bc5f-1a1c03df8477.png?generation=1787239317720510&alt=media,منتجات صحية ودايت,https://biddimarket.ps/orders/category/مخبوزات-صحية/product/1700011,
زبادي يوناني سادة 150 غم بينار,6.00,https://storage.googleapis.com/download/storage/v1/b/biddimarket-assets/o/1710019-2365594a-6638-4d93-9420-fa903bf48d86.png?generation=1785495988402545&alt=media,منتجات صحية ودايت,https://biddimarket.ps/orders/category/البان-وأجبان-صحية/product/1710019,
لبن يوناني نيوجال 400 غم,15.00,https://storage.googleapis.com/download/storage/v1/b/biddimarket-assets/o/1710021-a9b91c5b-3992-4f20-ac58-0bc58b68e316.png?generation=1785495811164145&alt=media,منتجات صحية ودايت,https://biddimarket.ps/orders/category/البان-وأجبان-صحية/product/1710021,
بندق القوقا حار 45غم,1.00,https://storage.googleapis.com/download/storage/v1/b/biddimarket-assets/o/050150-f1164d5a-8d5c-4cb7-aff2-5e1919566cc0.png?generation=1785675677525573&alt=media,منتجات المحمص,https://biddimarket.ps/orders/category/مكسرات-وتسالي-محمصة/product/050150,
فستق مياسي بالفلفل,1.00,https://storage.googleapis.com/download/storage/v1/b/biddimarket-assets/o/040278-IMG_5129-no-bg.png?generation=1733831124745285&alt=media,منتجات المحمص,https://biddimarket.ps/orders/category/مكسرات-وتسالي-محمصة/product/040278,
كاجو الشيخ قاسم 200غم,12.00,https://storage.googleapis.com/download/storage/v1/b/biddimarket-assets/o/050027-ddf1f07a-1a30-460c-b70e-24fd6300482d.png?generation=1781374866199700&alt=media,منتجات المحمص,https://biddimarket.ps/orders/category/مكسرات-نية/product/050027,
جوز بيكان محلى بالعسل شيخ قاسم 200غم,18.00,https://storage.googleapis.com/download/storage/v1/b/biddimarket-assets/o/050028-9a122ef6-c18a-4a9e-968b-35103f0d20db.png?generation=1781374894989923&alt=media,منتجات المحمص,https://biddimarket.ps/orders/category/مكسرات-وتسالي-محمصة/product/050028,
جوز بيكان الشيخ قاسم 180 غم,17.00,https://storage.googleapis.com/download/storage/v1/b/biddimarket-assets/o/050029-e964341b-f97a-4ee0-a124-a1d43eb10e65.png?generation=1781374937599132&alt=media,منتجات المحمص,https://biddimarket.ps/orders/category/مكسرات-نية/product/050029,
جوز قلب 150 غم الشيخ قاسم,9.00,https://storage.googleapis.com/download/storage/v1/b/biddimarket-assets/o/050030-31e91c1c-1815-4986-a10a-1235b5f4b5b8.png?generation=1781375028417579&alt=media,منتجات المحمص,https://biddimarket.ps/orders/category/مكسرات-نية/product/050030,
بزر شمام المسلماني 150غم,8.00,https://storage.googleapis.com/download/storage/v1/b/biddimarket-assets/o/050032-2390ac79-167d-40a8-be56-9bf8d7db19a9.png?generation=1785607859436821&alt=media,منتجات المحمص,https://biddimarket.ps/orders/category/مكسرات-وتسالي-محمصة/product/050032,
فستق كينج 95غم,2.00,https://storage.googleapis.com/download/storage/v1/b/biddimarket-assets/o/050045-07.png?generation=1785124906733005&alt=media,منتجات المحمص,https://biddimarket.ps/orders/category/مكسرات-وتسالي-محمصة/product/050045,
فستق عبيد ابو عطية 280غم,9.00,https://storage.googleapis.com/download/storage/v1/b/biddimarket-assets/o/050048-0e2faed3-a5f8-4075-b4ed-57ae7cb14e39.png?generation=1785612209986874&alt=media,منتجات المحمص,https://biddimarket.ps/orders/category/مكسرات-وتسالي-محمصة/product/050048,
مخلوطة شعبية ابو عطية 350غم,10.00,https://storage.googleapis.com/download/storage/v1/b/biddimarket-assets/o/050051-beff269b-55b0-4a94-99ad-253227c8e34f.png?generation=1785611872647405&alt=media,منتجات المحمص,https://biddimarket.ps/orders/category/مكسرات-وتسالي-محمصة/product/050051,
بزر شمس مدخن ابو عطية 200غم,5.00,https://storage.googleapis.com/download/storage/v1/b/biddimarket-assets/o/050052-85fd0867-d265-4bc5-8f5e-8e45e7f347ce.png?generation=1785610170087669&alt=media,منتجات المحمص,https://biddimarket.ps/orders/category/مكسرات-وتسالي-محمصة/product/050052,
بزر شمس مملح ابو عطية 80غم,2.00,https://storage.googleapis.com/download/storage/v1/b/biddimarket-assets/o/050054-27263d4d-f72d-45e7-a06a-8f1de72cd53b.png?generation=1785611347022455&alt=media,منتجات المحمص,https://biddimarket.ps/orders/category/مكسرات-وتسالي-محمصة/product/050054,
بزر شمس مدخن ابو عطية 80غم,2.00,https://storage.googleapis.com/download/storage/v1/b/biddimarket-assets/o/050055-5e22593f-7ab6-44ee-9e1c-d760df8da8ad.png?generation=1785609807888791&alt=media,منتجات المحمص,https://biddimarket.ps/orders/category/مكسرات-وتسالي-محمصة/product/050055,
بزر شمس ابو عطية مدخن 40غم,1.00,https://storage.googleapis.com/download/storage/v1/b/biddimarket-assets/o/050056-5d43247d-48fa-4c7d-b75e-c01f31262fec.png?generation=1785611741246578&alt=media,منتجات المحمص,https://biddimarket.ps/orders/category/مكسرات-وتسالي-محمصة/product/050056,
بزر بطيخ ابو عطية 100غم,5.00,https://storage.googleapis.com/download/storage/v1/b/biddimarket-assets/o/050057-j8.png?generation=1785209981766074&alt=media,منتجات المحمص,https://biddimarket.ps/orders/category/مكسرات-وتسالي-محمصة/product/050057,
لوز محمص ابو عطية 100غم,8.00,https://storage.googleapis.com/download/storage/v1/b/biddimarket-assets/o/050059-6ffc5424-face-4a1a-a3cc-5e7d664cd149.png?generation=1785947324621643&alt=media,منتجات المحمص,https://biddimarket.ps/orders/category/مكسرات-وتسالي-محمصة/product/050059,
فستق حلبي محمص ابو عطية 100غم,8.00,https://storage.googleapis.com/download/storage/v1/b/biddimarket-assets/o/050061-c7a93c46-f2a4-45e2-b868-f966a3319a0f.png?generation=1785612664507456&alt=media,منتجات المحمص,https://biddimarket.ps/orders/category/مكسرات-وتسالي-محمصة/product/050061,
مخلوطة سوبر اكسترا ابو عطية 170غم,12.00,https://storage.googleapis.com/download/storage/v1/b/biddimarket-assets/o/050062-54171919-e4c9-4939-b7da-2f0448ee6d94.png?generation=1785704381529966&alt=media,منتجات المحمص,https://biddimarket.ps/orders/category/مكسرات-وتسالي-محمصة/product/050062,
مخلوطة اكسترا ابو عطية 200غم,10.00,https://storage.googleapis.com/download/storage/v1/b/biddimarket-assets/o/050063-470c61f6-e30a-4b5d-9634-4e6df0f69601.png?generation=1785611163302781&alt=media,منتجات المحمص,https://biddimarket.ps/orders/category/مكسرات-وتسالي-محمصة/product/050063,
بزر بطيخ ابو عطية 200غم,10.00,https://storage.googleapis.com/download/storage/v1/b/biddimarket-assets/o/050064-0adbec4c-b12c-4b07-a9fa-27a21a65c339.png?generation=1785611480481052&alt=media,منتجات المحمص,https://biddimarket.ps/orders/category/مكسرات-وتسالي-محمصة/product/050064,
مخلوطة شعبية ابو عطية 150غم,5.00,https://storage.googleapis.com/download/storage/v1/b/biddimarket-assets/o/050066-43.png?generation=1785125348691510&alt=media,منتجات المحمص,https://biddimarket.ps/orders/category/مكسرات-وتسالي-محمصة/product/050066,
مخلوطة سوبر اكسترا مدخن 100غم,8.00,https://storage.googleapis.com/download/storage/v1/b/biddimarket-assets/o/050068-0f73f07a-fee7-46ef-9042-30ffb6cdadda.png?generation=1785948071159534&alt=media,منتجات المحمص,https://biddimarket.ps/orders/category/مكسرات-وتسالي-محمصة/product/050068,
بزر شمس علب ابو عطية 250غم,6.00,https://storage.googleapis.com/download/storage/v1/b/biddimarket-assets/o/050078-9df8db81-0645-4826-95cb-91e750b65428.png?generation=1785613110994429&alt=media,منتجات المحمص,https://biddimarket.ps/orders/category/مكسرات-وتسالي-محمصة/product/050078,
بزر قرع ابو عطية 150غم,7.00,https://storage.googleapis.com/download/storage/v1/b/biddimarket-assets/o/050086-9c2596c5-83b1-4504-a741-ef9fbd02540e.png?generation=1785613694384184&alt=media,منتجات المحمص,https://biddimarket.ps/orders/category/مكسرات-وتسالي-محمصة/product/050086,
بزر بطيخ ملسع مسلماني 250غم,11.00,https://storage.googleapis.com/download/storage/v1/b/biddimarket-assets/o/050090-f5331f1c-10cd-46c9-9f92-773bc267bc46.png?generation=1785615376468302&alt=media,منتجات المحمص,https://biddimarket.ps/orders/category/مكسرات-وتسالي-محمصة/product/050090,
مكسرات اكسترا مبهرة مسلماني 250غم,17.00,https://storage.googleapis.com/download/storage/v1/b/biddimarket-assets/o/050091-aa64e3a7-5b79-47d7-a2ac-ccba048fbd36.png?generation=1785614219198183&alt=media,منتجات المحمص,https://biddimarket.ps/orders/category/مكسرات-وتسالي-محمصة/product/050091,
نقارش هندية العربي 150غم,5.00,https://storage.googleapis.com/download/storage/v1/b/biddimarket-assets/o/050094-fc9c0b07-df70-492c-937d-bb604b9f90f6.png?generation=1785614106031007&alt=media,منتجات المحمص,https://biddimarket.ps/orders/category/مكسرات-وتسالي-محمصة/product/050094,
كابوكي العربي 170غم,5.00,https://storage.googleapis.com/download/storage/v1/b/biddimarket-assets/o/050096-3b54ccac-ee1c-4283-8224-931ebb12bc3e.png?generation=1785613870868272&alt=media,منتجات المحمص,https://biddimarket.ps/orders/category/مكسرات-وتسالي-محمصة/product/050096,
بزر شمس ابو عطية 200غم,5.00,https://storage.googleapis.com/download/storage/v1/b/biddimarket-assets/o/050099-96f89949-e179-45fa-987a-ca30403c66a1.png?generation=1785610986193308&alt=media,منتجات المحمص,https://biddimarket.ps/orders/category/مكسرات-وتسالي-محمصة/product/050099,
كاشو محمص العربي 250غم,16.00,https://storage.googleapis.com/download/storage/v1/b/biddimarket-assets/o/050101-221.png?generation=1785125475714782&alt=media,منتجات المحمص,https://biddimarket.ps/orders/category/مكسرات-وتسالي-محمصة/product/050101,
بزر دوار الشمس الفاخر 90غم,2.00,https://storage.googleapis.com/download/storage/v1/b/biddimarket-assets/o/050102-a117fd33-1767-4ec6-8b14-2e59037838f9.png?generation=1785617167691910&alt=media,منتجات المحمص,https://biddimarket.ps/orders/category/منتجات-محمص-منوعة/product/050102,
مكسرات هندية مسلماني 250غم,9.00,https://storage.googleapis.com/download/storage/v1/b/biddimarket-assets/o/050103-ec316876-7f78-432d-997d-828ea52a8257.png?generation=1783630149685809&alt=media,منتجات المحمص,https://biddimarket.ps/orders/category/مكسرات-وتسالي-محمصة/product/050103,
فستق مستر ادم 2 شيكل,2.00,https://storage.googleapis.com/download/storage/v1/b/biddimarket-assets/o/050106-aff6f8be-05e0-4da9-bc60-f64df5bd38c7.png?generation=1785947577030175&alt=media,منتجات المحمص,https://biddimarket.ps/orders/category/منتجات-محمص-منوعة/product/050106,
بزر شمس مملح ابو عطية 40غم,1.00,https://storage.googleapis.com/download/storage/v1/b/biddimarket-assets/o/050114-266b5735-d9ae-4fe7-81cd-f34b6c588f9c.png?generation=1785611605374824&alt=media,منتجات المحمص,https://biddimarket.ps/orders/category/مكسرات-وتسالي-محمصة/product/050114,
فستق القوقا 45غم,1.00,https://storage.googleapis.com/download/storage/v1/b/biddimarket-assets/o/050116-4d7001d3-8ddd-41f7-bf73-296c54b6361e.png?generation=1785616137214188&alt=media,منتجات المحمص,https://biddimarket.ps/orders/category/منتجات-محمص-منوعة/product/050116,
لوز محمص المسلماني 250غم,17.00,https://storage.googleapis.com/download/storage/v1/b/biddimarket-assets/o/050120-7143f4a4-7d80-4091-b80d-49c1938c70f1.png?generation=1783626997818102&alt=media,منتجات المحمص,https://biddimarket.ps/orders/category/مكسرات-وتسالي-محمصة/product/050120,
فستق حلبي المسلماني 250غم,17.00,https://storage.googleapis.com/download/storage/v1/b/biddimarket-assets/o/050121-87ef3ebb-0798-4ab9-9b08-1cc6c3aad4fa.png?generation=1785693346116148&alt=media,منتجات المحمص,https://biddimarket.ps/orders/category/مكسرات-وتسالي-محمصة/product/050121,
مخلوطة مكسرات المسلماني 250غم,11.00,https://storage.googleapis.com/download/storage/v1/b/biddimarket-assets/o/050122-7e2084e3-51b0-4675-86f5-587348fcd2ed.png?generation=1783966142580238&alt=media,منتجات المحمص,https://biddimarket.ps/orders/category/مكسرات-وتسالي-محمصة/product/050122,
فول وبازيلاء محمصة المسلماني 200غم,10.00,https://storage.googleapis.com/download/storage/v1/b/biddimarket-assets/o/050130-23.png?generation=1785126602601657&alt=media,منتجات المحمص,https://biddimarket.ps/orders/category/مكسرات-وتسالي-محمصة/product/050130,
مخلوطة اكسترا ابو عطية 90غم,5.00,https://storage.googleapis.com/download/storage/v1/b/biddimarket-assets/o/050139-990.png?generation=1785126745083680&alt=media,منتجات المحمص,https://biddimarket.ps/orders/category/مكسرات-وتسالي-محمصة/product/050139,
فستق مستر ادم 1 شيكل,1.00,https://storage.googleapis.com/download/storage/v1/b/biddimarket-assets/o/050141-ea8310a6-3c96-46c0-ac86-2c23aa0f0758.png?generation=1785947678251820&alt=media,منتجات المحمص,https://biddimarket.ps/orders/category/منتجات-محمص-منوعة/product/050141,
فستق العربي 250غم,10.00,https://storage.googleapis.com/download/storage/v1/b/biddimarket-assets/o/050144-a70ef545-cf70-4f91-bfe8-3447fb451ebd.png?generation=1785693517859412&alt=media,منتجات المحمص,https://biddimarket.ps/orders/category/مكسرات-وتسالي-محمصة/product/050144,
كاشو محمص ومغطى بنكهة المايونيز 70غم,8.00,https://storage.googleapis.com/download/storage/v1/b/biddimarket-assets/o/050147-bcce604d-52e8-4f14-8c45-23fd199ae0be.png?generation=1767721231563582&alt=media,منتجات المحمص,https://biddimarket.ps/orders/category/مكسرات-وتسالي-محمصة/product/050147,
كاشو محمص ومغطى بنكهة العسل 70غم,8.00,https://storage.googleapis.com/download/storage/v1/b/biddimarket-assets/o/050149-e49e115d-9074-4674-a4eb-73e0343abf2a.png?generation=1767724985328111&alt=media,منتجات المحمص,https://biddimarket.ps/orders/category/مكسرات-وتسالي-محمصة/product/050149,
مكاديميا محمصة 250غم,12.00,https://storage.googleapis.com/download/storage/v1/b/biddimarket-assets/o/050152-637eb0a7-7b52-4e3d-b982-082f534a17b9.png?generation=1785616392017504&alt=media,منتجات المحمص,https://biddimarket.ps/orders/category/منتجات-محمص-منوعة/product/050152,
فستق كابوكي نمبر ون,2.00,https://storage.googleapis.com/download/storage/v1/b/biddimarket-assets/o/050154-0b9a7c58-2962-4f7e-aabd-b23571f4466e.png?generation=1785947818123041&alt=media,منتجات المحمص,https://biddimarket.ps/orders/category/مكسرات-وتسالي-محمصة/product/050154,
علبة بندق كرانشي مالح 185غم,8.00,https://storage.googleapis.com/download/storage/v1/b/biddimarket-assets/o/050155-49704f28-dc0c-4c07-8f30-2d461ea1c30f.png?generation=1773951656307023&alt=media,منتجات المحمص,https://biddimarket.ps/orders/category/مكسرات-وتسالي-محمصة/product/050155,
بوظة ساندويش XL شتراوس,9.00,https://storage.googleapis.com/download/storage/v1/b/biddimarket-assets/o/080001-53f35176-570d-4542-8899-51b7bdb1a6e4.png?generation=1785761576859661&alt=media,بوظة,https://biddimarket.ps/orders/category/بوظة-مشكل/product/080001,
بوظة فطبل تركي,2.00,https://storage.googleapis.com/download/storage/v1/b/biddimarket-assets/o/080002-ab9b4bc7-db37-44ff-9fcb-411b55379d00.png?generation=1785761656515921&alt=media,بوظة,https://biddimarket.ps/orders/category/بوظة-مشكل/product/080002,
بوظة ماغنوم بالفانيلا والشوكولاتة البيضاء,12.00,https://storage.googleapis.com/download/storage/v1/b/biddimarket-assets/o/080004-a7d3b79b-339b-49bb-882b-b5b169fdb4ba.png?generation=1785761735317222&alt=media,بوظة,https://biddimarket.ps/orders/category/بوظة-مشكل/product/080004,
بوظة نجمة شتراوس,8.00,https://storage.googleapis.com/download/storage/v1/b/biddimarket-assets/o/080005-aa70f356-25ae-4012-a1c6-87acbe75c0ee.png?generation=1785761881863141&alt=media,بوظة,https://biddimarket.ps/orders/category/بوظة-مشكل/product/080005,
بوظة ماغنوم صاروخ,12.00,https://storage.googleapis.com/download/storage/v1/b/biddimarket-assets/o/080008-7f8ea7e3-f6c2-44c6-bbb8-489c3813d9dd.png?generation=1785762014372223&alt=media,بوظة,https://biddimarket.ps/orders/category/بوظة-مشكل/product/080008,
بوظة علب كريمسيمو فانيلا وعلكة 665غم,21.00,https://storage.googleapis.com/download/storage/v1/b/biddimarket-assets/o/080013-2ecd878c-d3b0-4518-9232-a2e07ee5d03a.png?generation=1785765151747045&alt=media,بوظة,https://biddimarket.ps/orders/category/بوظة-علب/product/080013,
بوظة شتراوس علب 5 الوان حوامض 1 كغم,25.00,https://storage.googleapis.com/download/storage/v1/b/biddimarket-assets/o/080014-e2168856-80f4-4d0f-9869-61b81c654a01.png?generation=1785762114488084&alt=media,بوظة,https://biddimarket.ps/orders/category/بوظة-علب/product/080014,
بوظة فراولة الارز,0.50,https://storage.googleapis.com/download/storage/v1/b/biddimarket-assets/o/080015-f9fd98c0-aa42-415b-a14c-40dcee51121b.png?generation=1785765020470451&alt=media,بوظة,https://biddimarket.ps/orders/category/بوظة-نص-شيكل/product/080015,
بوظة توين الارز,1.00,https://storage.googleapis.com/download/storage/v1/b/biddimarket-assets/o/080016-ed5d5118-cc85-42dd-bafc-bbfce57c34e6.png?generation=1785763554020761&alt=media,بوظة,https://biddimarket.ps/orders/category/بوظة-1-شيكل/product/080016,
بوظة الارز فرشي,1.00,https://storage.googleapis.com/download/storage/v1/b/biddimarket-assets/o/080020-d4b7d17d-b0d6-41fe-83eb-9a55b20e8164.png?generation=1785762312405076&alt=media,بوظة,https://biddimarket.ps/orders/category/بوظة-1-شيكل/product/080020,
بوظة عبدو الارز,1.00,https://storage.googleapis.com/download/storage/v1/b/biddimarket-assets/o/080021-04e68f9b-a5c3-404c-b7d7-77bd0197e4b2.png?generation=1785762395868658&alt=media,بوظة,https://biddimarket.ps/orders/category/بوظة-1-شيكل/product/080021,
بوظة يا ليل الارز,3.00,https://storage.googleapis.com/download/storage/v1/b/biddimarket-assets/o/080024-069a16e0-82c4-4319-a032-bb8f647b490a.png?generation=1785762656682218&alt=media,بوظة,https://biddimarket.ps/orders/category/بوظة-مشكل/product/080024,
بوظة كابتن شوكولاتة الارز,2.50,https://storage.googleapis.com/download/storage/v1/b/biddimarket-assets/o/080025-9e361197-ad25-4194-9f60-59edaa981ddd.png?generation=1785763671141282&alt=media,بوظة,https://biddimarket.ps/orders/category/بوظة-مشكل/product/080025,
بوظة يومزو فراولة,1.00,https://storage.googleapis.com/download/storage/v1/b/biddimarket-assets/o/080032-331c0812-91d2-4bd9-9c09-caef9158df44.png?generation=1785763770784993&alt=media,بوظة,https://biddimarket.ps/orders/category/بوظة-1-شيكل/product/080032,
بوظة تورنيدو باشن فروت,1.00,https://storage.googleapis.com/download/storage/v1/b/biddimarket-assets/o/080044-60d40ca1-880d-48ea-a76b-19a5a9b8abd8.png?generation=1785763861277178&alt=media,بوظة,https://biddimarket.ps/orders/category/بوظة-1-شيكل/product/080044,
بوظة يومزو مانجا,1.00,https://storage.googleapis.com/download/storage/v1/b/biddimarket-assets/o/080050-d90bed19-d81b-48a7-a0b6-3a9f47460e50.png?generation=1785763940651658&alt=media,بوظة,https://biddimarket.ps/orders/category/بوظة-1-شيكل/product/080050,
بوظة تورنيدو حليب الارز,1.00,https://storage.googleapis.com/download/storage/v1/b/biddimarket-assets/o/080054-491320ab-6393-4ff0-8012-8d0e224b130e.png?generation=1785764114612210&alt=media,بوظة,https://biddimarket.ps/orders/category/بوظة-1-شيكل/product/080054,
بوظة ماغنوم بالشوكولاتة واللوز,12.00,https://storage.googleapis.com/download/storage/v1/b/biddimarket-assets/o/1220039-122f2a2f-2c2b-4e8e-a6a6-2fc32a97f896.png?generation=1785762840784860&alt=media,بوظة,https://biddimarket.ps/orders/category/بوظة-مشكل/product/1220039,
بوظة الارز تشارمز بالحليب واللوز,4.00,https://storage.googleapis.com/download/storage/v1/b/biddimarket-assets/o/1220040-554.png?generation=1785188525659349&alt=media,بوظة,https://biddimarket.ps/orders/category/بوظة-مشكل/product/1220040,
بوظة الارز تشارمز دبل شوكولاتة,4.00,https://storage.googleapis.com/download/storage/v1/b/biddimarket-assets/o/1220041-00987.png?generation=1785188649804810&alt=media,بوظة,https://biddimarket.ps/orders/category/بوظة-مشكل/product/1220041,
بوظة شتراوس شوكو شوكو,2.50,https://storage.googleapis.com/download/storage/v1/b/biddimarket-assets/o/1220046-2a8aa808-bb6b-42da-9ec8-a010dce57079.png?generation=1785762938230751&alt=media,بوظة,https://biddimarket.ps/orders/category/بوظة-مشكل/product/1220046,
بوظة شتراوس ليمون ثلج,1.50,https://storage.googleapis.com/download/storage/v1/b/biddimarket-assets/o/1220047-1a6c2c8b-14f7-46c9-a335-fd78705509cc.png?generation=1785763024196072&alt=media,بوظة,https://biddimarket.ps/orders/category/بوظة-مشكل/product/1220047,
بوظة شتراوس كرز ثلج,1.50,https://storage.googleapis.com/download/storage/v1/b/biddimarket-assets/o/1220048-1090aff5-cda6-4697-8876-83553e4adb18.png?generation=1785764212373386&alt=media,بوظة,https://biddimarket.ps/orders/category/بوظة-مشكل/product/1220048,
بوظة شتراوس مشمش ثلج,1.50,https://storage.googleapis.com/download/storage/v1/b/biddimarket-assets/o/1220053-a56e6be5-7333-4c22-bf4f-416b10a302cd.png?generation=1785763126985652&alt=media,بوظة,https://biddimarket.ps/orders/category/بوظة-مشكل/product/1220053,
بوظة كابتن اوريو الارز,2.50,https://storage.googleapis.com/download/storage/v1/b/biddimarket-assets/o/1220067-778.png?generation=1785190290201807&alt=media,بوظة,https://biddimarket.ps/orders/category/بوظة-مشكل/product/1220067,
بوظة كابتن كراميل الارز,2.50,https://storage.googleapis.com/download/storage/v1/b/biddimarket-assets/o/1220068-0446aef5-3aa6-4cdf-82a4-b69e32f1bc27.png?generation=1784213791671936&alt=media,بوظة,https://biddimarket.ps/orders/category/بوظة-مشكل/product/1220068,
بوظة ماغنوم صاروخ بندق ابيض,12.00,https://storage.googleapis.com/download/storage/v1/b/biddimarket-assets/o/1220072-39e1cd9e-2566-4ee4-8d5f-797497ce4325.png?generation=1785764307109609&alt=media,بوظة,https://biddimarket.ps/orders/category/بوظة-مشكل/product/1220072,
بوظة الارز روكي بالشوكولاتة البيضاء,2.00,https://storage.googleapis.com/download/storage/v1/b/biddimarket-assets/o/1220081-902e8af8-f7dc-4bdd-b2a7-c83999e7e7d8.png?generation=1785764462125107&alt=media,بوظة,https://biddimarket.ps/orders/category/بوظة-مشكل/product/1220081,
بوظة ماغنوم بالفستق الحلبي,12.00,https://storage.googleapis.com/download/storage/v1/b/biddimarket-assets/o/1220083-dea59dad-c0a9-4212-ab48-a6a8bafb6639.png?generation=1785764559595805&alt=media,بوظة,https://biddimarket.ps/orders/category/بوظة-مشكل/product/1220083,
بوظة تشارمز بالفراولة والشوكولاتة البيضاء الارز,5.00,https://storage.googleapis.com/download/storage/v1/b/biddimarket-assets/o/1220085-04602343-dbd3-4492-a37e-26bebf2fbe1e.png?generation=1784214590917901&alt=media,بوظة,https://biddimarket.ps/orders/category/بوظة-مشكل/product/1220085,
بوظة ماغنوم بسكويت باللوز,12.00,https://storage.googleapis.com/download/storage/v1/b/biddimarket-assets/o/1220089-38a2d771-66f4-48a9-8868-c57fddd92783.png?generation=1784212760062181&alt=media,بوظة,https://biddimarket.ps/orders/category/بوظة-مشكل/product/1220089,
بوظة يومزو علكة,1.00,https://storage.googleapis.com/download/storage/v1/b/biddimarket-assets/o/1220091-4be17f33-4e13-4e30-9abb-94c3e3dde466.png?generation=1784205736179360&alt=media,بوظة,https://biddimarket.ps/orders/category/بوظة-مشكل/product/1220091,
بوظة ماجنوم صاروخ بالجوز,12.00,https://storage.googleapis.com/download/storage/v1/b/biddimarket-assets/o/1220094-8245b1c5-c7a7-4841-90d1-b7daa576d12e.png?generation=1784214295131189&alt=media,بوظة,https://biddimarket.ps/orders/category/بوظة-مشكل/product/1220094,
بوظة فنتازيا,30.00,https://storage.googleapis.com/download/storage/v1/b/biddimarket-assets/o/460008-a34d422b-504c-437d-9f90-85fce2f1d3c0.png?generation=1785763245916405&alt=media,بوظة,https://biddimarket.ps/orders/category/بوظة-علب/product/460008,
بوظة شتراوس علب 5 الوان مع شوكولاتة 1 كغم,25.00,https://storage.googleapis.com/download/storage/v1/b/biddimarket-assets/o/460009-a3f00a4d-f987-428b-b67e-48f444892b2d.png?generation=1785763371486606&alt=media,بوظة,https://biddimarket.ps/orders/category/بوظة-علب/product/460009,
بوظة علب كريمسيمو ثلاث انواع شوكولاتة 665غم,20.00,https://storage.googleapis.com/download/storage/v1/b/biddimarket-assets/o/460014-9d8fcfbb-b195-4af7-9ad3-c8f6bafb6a30.png?generation=1785764699787357&alt=media,بوظة,https://biddimarket.ps/orders/category/بوظة-علب/product/460014,
بوظة علب كريمسيمو بالكراميل 665غم,21.00,https://storage.googleapis.com/download/storage/v1/b/biddimarket-assets/o/460016-4428f104-6674-4980-badd-39f5a8f63467.png?generation=1785765267436343&alt=media,بوظة,https://biddimarket.ps/orders/category/بوظة-علب/product/460016,
طرد 50 شيكل,50.00,https://storage.googleapis.com/download/storage/v1/b/biddimarket-assets/o/1770001-%D8%B7%D8%B1%D8%AF%20%D9%A5%D9%A0.png?generation=1771154903131091&alt=media,طرود وقسائم الخير,https://biddimarket.ps/orders/category/طرود-الخير/product/1770001,
طرد 100 شيكل,100.00,https://storage.googleapis.com/download/storage/v1/b/biddimarket-assets/o/1770002-%D8%B7%D8%B1%D8%AF%20%D9%A1%D9%A0%D9%A0.png?generation=1771154930991707&alt=media,طرود وقسائم الخير,https://biddimarket.ps/orders/category/طرود-الخير/product/1770002,
طرد 150 شيكل,150.00,https://storage.googleapis.com/download/storage/v1/b/biddimarket-assets/o/1770003-%D8%B7%D8%B1%D8%AF%20%D9%A1%D9%A5%D9%A0.png?generation=1771154875505340&alt=media,طرود وقسائم الخير,https://biddimarket.ps/orders/category/طرود-الخير/product/1770003,
طرد مخصص ( اكتب في الملاحظات ),10.00,https://storage.googleapis.com/download/storage/v1/b/biddimarket-assets/o/1770005-%D8%B7%D8%B1%D8%AF%20%D9%85%D8%AE%D8%B5%D8%B5%20.png?generation=1771160051696929&alt=media,طرود وقسائم الخير,https://biddimarket.ps/orders/category/طرود-الخير/product/1770005,
قسيمة شراء 50 شيقل,50.00,https://storage.googleapis.com/download/storage/v1/b/biddimarket-assets/o/1770010-%D9%82%D8%B3%D9%8A%D9%85%D8%A9%20%D9%A5%D9%A0%20.jpeg?generation=1771160764703346&alt=media,طرود وقسائم الخير,https://biddimarket.ps/orders/category/طرود-الخير/product/1770010,
قسيمة شراء 100 شيقل,100.00,https://storage.googleapis.com/download/storage/v1/b/biddimarket-assets/o/1770011-%D9%82%D8%B3%D9%8A%D9%85%D8%A9%20%D8%B4%D8%B1%D8%A7%D8%A1%20%D9%A1%D9%A0%D9%A0.jpeg?generation=1771155029086806&alt=media,طرود وقسائم الخير,https://biddimarket.ps/orders/category/طرود-الخير/product/1770011,
اكامول,10.00,https://storage.googleapis.com/download/storage/v1/b/biddimarket-assets/o/1330026-1fce3966-a942-4193-9d81-5ee283797c56.png?generation=1785704641142470&alt=media,مستلزمات طبية,https://biddimarket.ps/orders/category/مستلزمات-واجهزة-طبية/product/1330026,
لاصق جروح sant,1.00,https://storage.googleapis.com/download/storage/v1/b/biddimarket-assets/o/120266-20c3f8d9-9636-4892-80a5-4fd3073a266a.png?generation=1785704546484150&alt=media,مستلزمات طبية,https://biddimarket.ps/orders/category/مستلزمات-واجهزة-طبية/product/120266,
وصلة بندل جاهز 10 متر,45.00,https://storage.googleapis.com/download/storage/v1/b/biddimarket-assets/o/1660016-077eac0e-e03c-4a8b-92d1-9a3be25197aa.png?generation=1785704767594858&alt=media,اداوت صحية وكهربائية,https://biddimarket.ps/orders/category/معدات-واجهزة-كهربائية/product/1660016,
لمبة ليد ابيض 28 W,15.00,https://storage.googleapis.com/download/storage/v1/b/biddimarket-assets/o/1660093-a84b0334-fe5b-402b-b061-8c8ada787890.png?generation=1785705057457078&alt=media,اداوت صحية وكهربائية,https://biddimarket.ps/orders/category/معدات-واجهزة-كهربائية/product/1660093,
ثالوث كهرباء,5.00,https://storage.googleapis.com/download/storage/v1/b/biddimarket-assets/o/1660094-475b6912-d335-44c6-9d3f-8b5c298e50b2.png?generation=1785705189159155&alt=media,اداوت صحية وكهربائية,https://biddimarket.ps/orders/category/معدات-واجهزة-كهربائية/product/1660094,
كشاف شحن وخزان طاقة شمسية 200 واط,55.00,https://storage.googleapis.com/download/storage/v1/b/biddimarket-assets/o/1660095-ae22d7e2-5ee4-41dc-98f4-7d18bc9ade00.png?generation=1774979328006740&alt=media,اداوت صحية وكهربائية,https://biddimarket.ps/orders/category/معدات-واجهزة-كهربائية/product/1660095,
كشاف شحن وخزان طاقة شمسية 100واط,50.00,https://storage.googleapis.com/download/storage/v1/b/biddimarket-assets/o/1660096-6f35bf46-3ad3-4a62-a9d5-785dbac26152.png?generation=1774974954258190&alt=media,اداوت صحية وكهربائية,https://biddimarket.ps/orders/category/معدات-واجهزة-كهربائية/product/1660096,
كشاف ليد 60 واط,18.00,https://storage.googleapis.com/download/storage/v1/b/biddimarket-assets/o/1660097-2ab3d864-5637-481f-b9fb-bd546c859481.png?generation=1774974430252212&alt=media,اداوت صحية وكهربائية,https://biddimarket.ps/orders/category/معدات-واجهزة-كهربائية/product/1660097,
كشاف شحن ليد صغير,35.00,https://storage.googleapis.com/download/storage/v1/b/biddimarket-assets/o/1660098-1cec2f2c-35d1-4d98-96db-40ad668df3b7.png?generation=1774974316211686&alt=media,اداوت صحية وكهربائية,https://biddimarket.ps/orders/category/معدات-واجهزة-كهربائية/product/1660098,
كشاف مجوز ليد,20.00,https://storage.googleapis.com/download/storage/v1/b/biddimarket-assets/o/1660099-4fe91a66-10c9-4cbd-8f9d-dd56cda0592f.png?generation=1774974638401538&alt=media,اداوت صحية وكهربائية,https://biddimarket.ps/orders/category/معدات-واجهزة-كهربائية/product/1660099,
كشاف ليد صغير,10.00,https://storage.googleapis.com/download/storage/v1/b/biddimarket-assets/o/1660100-d1f1de06-edd7-4b0e-a9ea-119308cdc8a9.png?generation=1774979680961502&alt=media,اداوت صحية وكهربائية,https://biddimarket.ps/orders/category/معدات-واجهزة-كهربائية/product/1660100,
وصلة بندل جاهز 8 متر,35.00,https://storage.googleapis.com/download/storage/v1/b/biddimarket-assets/o/1660015-64756316-fea9-44c4-af87-7088884a9658.png?generation=1785704907861444&alt=media,اداوت صحية وكهربائية,https://biddimarket.ps/orders/category/معدات-واجهزة-كهربائية/product/1660015,
شاحن سيارة ايفون,20.00,https://storage.googleapis.com/download/storage/v1/b/biddimarket-assets/o/160004-a570783c-6fbe-4642-b082-7658df3c474a.png?generation=1785767867191834&alt=media,اكسسوارات موبايل,https://biddimarket.ps/orders/category/شواحن/product/160004,
كيبل Tybe C كينج داتا,30.00,https://storage.googleapis.com/download/storage/v1/b/biddimarket-assets/o/160006-e3.png?generation=1785201843557729&alt=media,اكسسوارات موبايل,https://biddimarket.ps/orders/category/شواحن/product/160006,
كيبل AUX,15.00,https://storage.googleapis.com/download/storage/v1/b/biddimarket-assets/o/160009-6ea04e17-f202-4a7e-9d4d-2417896575e9.png?generation=1785767979210570&alt=media,اكسسوارات موبايل,https://biddimarket.ps/orders/category/شواحن/product/160009,
كيبل AUX Tybe C,20.00,https://storage.googleapis.com/download/storage/v1/b/biddimarket-assets/o/160010-15d20c52-d7d5-424e-becc-6ccd9b12eb03.png?generation=1785768081900900&alt=media,اكسسوارات موبايل,https://biddimarket.ps/orders/category/شواحن/product/160010,
كيبل AUX ايفون زمبرك,20.00,https://storage.googleapis.com/download/storage/v1/b/biddimarket-assets/o/160011-82ca78a5-9b21-4859-92f6-0cb660208712.png?generation=1785768181495082&alt=media,اكسسوارات موبايل,https://biddimarket.ps/orders/category/شواحن/product/160011,
عظمة شاحن ايفون BD,50.00,https://storage.googleapis.com/download/storage/v1/b/biddimarket-assets/o/160017-r4.png?generation=1785200993387152&alt=media,اكسسوارات موبايل,https://biddimarket.ps/orders/category/شواحن/product/160017,
عظمة سيارة 25W PD,35.00,https://storage.googleapis.com/download/storage/v1/b/biddimarket-assets/o/160018-41319e6d-26ec-48b3-9dc5-1479e8d501e1.png?generation=1785768296213394&alt=media,اكسسوارات موبايل,https://biddimarket.ps/orders/category/شواحن/product/160018,
عظمة 18واط سيارة مدخلين سريع,20.00,https://storage.googleapis.com/download/storage/v1/b/biddimarket-assets/o/160019-293356e9-8b97-46a3-aea0-8ba3e9b6e2eb.png?generation=1785767230771346&alt=media,اكسسوارات موبايل,https://biddimarket.ps/orders/category/شواحن/product/160019,
شاحن كينج داتا TYB C,30.00,https://storage.googleapis.com/download/storage/v1/b/biddimarket-assets/o/160020-026bbe4e-28bf-45bf-a7b9-8d283d66106d.png?generation=1785767340357581&alt=media,اكسسوارات موبايل,https://biddimarket.ps/orders/category/شواحن/product/160020,
شاحن كينج داتا مايكرو,30.00,https://storage.googleapis.com/download/storage/v1/b/biddimarket-assets/o/160021-f8565b27-6a7e-419a-a46d-24abe390aeff.png?generation=1785767464712854&alt=media,اكسسوارات موبايل,https://biddimarket.ps/orders/category/شواحن/product/160021,
شاحن سيارة TYB C,15.00,https://storage.googleapis.com/download/storage/v1/b/biddimarket-assets/o/160022-5d469bd2-c201-4a9a-947a-a12f8a76b45f.png?generation=1785767023542347&alt=media,اكسسوارات موبايل,https://biddimarket.ps/orders/category/شواحن/product/160022,
شاحن سيارة ميكرو,20.00,https://storage.googleapis.com/download/storage/v1/b/biddimarket-assets/o/160023-7fa7cef4-14f0-48c6-961b-f34e71e20dc1.png?generation=1785767602404523&alt=media,اكسسوارات موبايل,https://biddimarket.ps/orders/category/شواحن/product/160023,
كيبل شاحن كينج داتا TYB C,15.00,https://storage.googleapis.com/download/storage/v1/b/biddimarket-assets/o/160026-15f21840-90a5-4974-9050-153bea18b19f.png?generation=1785767703245817&alt=media,اكسسوارات موبايل,https://biddimarket.ps/orders/category/شواحن/product/160026,
كيبل شاحن كينج داتا ميكرو,15.00,https://storage.googleapis.com/download/storage/v1/b/biddimarket-assets/o/160027-cdf23eeb-4a28-4bfa-b868-3b1019dcc4ea.png?generation=1785766897570527&alt=media,اكسسوارات موبايل,https://biddimarket.ps/orders/category/شواحن/product/160027,
كيبل USB/TYB C سريع كينج داتا,25.00,https://storage.googleapis.com/download/storage/v1/b/biddimarket-assets/o/160029-c1.png?generation=1785208116218134&alt=media,اكسسوارات موبايل,https://biddimarket.ps/orders/category/شواحن/product/160029,
كيبل TYPC/IOS15 PD,25.00,https://storage.googleapis.com/download/storage/v1/b/biddimarket-assets/o/160030-c2.png?generation=1785208283938360&alt=media,اكسسوارات موبايل,https://biddimarket.ps/orders/category/شواحن/product/160030,
كيبل شاحن K26 S TYPC,10.00,https://storage.googleapis.com/download/storage/v1/b/biddimarket-assets/o/160031-75fcc949-2d43-4757-868a-4e2ac368a571.png?generation=1785766782111666&alt=media,اكسسوارات موبايل,https://biddimarket.ps/orders/category/شواحن/product/160031,
شاحن مع كابل تايب سي,35.00,https://storage.googleapis.com/download/storage/v1/b/biddimarket-assets/o/160032-2231.png?generation=1785199809889698&alt=media,اكسسوارات موبايل,https://biddimarket.ps/orders/category/شواحن/product/160032,
كابل شاحن مزدوج,15.00,https://storage.googleapis.com/download/storage/v1/b/biddimarket-assets/o/160034-d598139a-abdb-423d-a323-b36fe104fbed.png?generation=1772134785383276&alt=media,اكسسوارات موبايل,https://biddimarket.ps/orders/category/شواحن/product/160034,
عظمة شاحن سريع اصلي,25.00,https://storage.googleapis.com/download/storage/v1/b/biddimarket-assets/o/160035-4adfdb64-325d-4d4a-9812-04d45660c4dc.png?generation=1785767125848737&alt=media,اكسسوارات موبايل,https://biddimarket.ps/orders/category/شواحن/product/160035,
وصلة شاحن عريض 6A,15.00,https://storage.googleapis.com/download/storage/v1/b/biddimarket-assets/o/160036-1d8aec00-7911-406a-a4c6-c2a644c0ad41.png?generation=1772131640193038&alt=media,اكسسوارات موبايل,https://biddimarket.ps/orders/category/شواحن/product/160036,
وصلة شاحن ايفون 6A,15.00,https://storage.googleapis.com/download/storage/v1/b/biddimarket-assets/o/160037-937663d2-e04c-4514-921f-134452feb3a5.png?generation=1785766690696705&alt=media,اكسسوارات موبايل,https://biddimarket.ps/orders/category/شواحن/product/160037,
وصلة شاحن عريض 2.4A,10.00,https://storage.googleapis.com/download/storage/v1/b/biddimarket-assets/o/160038-0da6705f-eabd-40dc-91f8-9d980e4fdac0.png?generation=1772131528529205&alt=media,اكسسوارات موبايل,https://biddimarket.ps/orders/category/شواحن/product/160038,
وصلة شاحن ايفون 2.4 A,10.00,https://storage.googleapis.com/download/storage/v1/b/biddimarket-assets/o/160039-30368baa-5dca-4cc1-b264-8e5ba05a2059.png?generation=1772133506360187&alt=media,اكسسوارات موبايل,https://biddimarket.ps/orders/category/شواحن/product/160039,
وصلة شاحن مزدوج ايفون + عريض,15.00,https://storage.googleapis.com/download/storage/v1/b/biddimarket-assets/o/160040-3e8fe8be-a6f1-492b-a3b1-5669ed1198a3.png?generation=1773713340667309&alt=media,اكسسوارات موبايل,https://biddimarket.ps/orders/category/شواحن/product/160040,
وصلة شاحن عريض,15.00,https://storage.googleapis.com/download/storage/v1/b/biddimarket-assets/o/160042-de275151-8d83-42ad-99a9-6de4b55b1e63.png?generation=1785766118081627&alt=media,اكسسوارات موبايل,https://biddimarket.ps/orders/category/شواحن/product/160042,
وصلة شاحن ايفون 6 A,10.00,https://storage.googleapis.com/download/storage/v1/b/biddimarket-assets/o/160043-6374a493-7676-4b00-bf6d-d595f7a24dc4.png?generation=1785766280930687&alt=media,اكسسوارات موبايل,https://biddimarket.ps/orders/category/شواحن/product/160043,
شاحن ايفون مع وصلة,25.00,https://storage.googleapis.com/download/storage/v1/b/biddimarket-assets/o/160044-c1fe1122-97b0-4a5c-ae0d-eeeb466bc135.png?generation=1785766401234853&alt=media,اكسسوارات موبايل,https://biddimarket.ps/orders/category/شواحن/product/160044,
وصلة شاحن متعدد الاستعمال,15.00,https://storage.googleapis.com/download/storage/v1/b/biddimarket-assets/o/160045-22cb0cc2-ed1e-492c-bc42-d1a903f3fe04.png?generation=1785766564753063&alt=media,اكسسوارات موبايل,https://biddimarket.ps/orders/category/شواحن/product/160045,
وصلة شاحن ايفون 2 متر,20.00,https://storage.googleapis.com/download/storage/v1/b/biddimarket-assets/o/160046-72357d85-476f-4b05-8500-a04ae8623421.png?generation=1785765910410516&alt=media,اكسسوارات موبايل,https://biddimarket.ps/orders/category/شواحن/product/160046,
وصلة شاحن ايفون مضئ,15.00,https://storage.googleapis.com/download/storage/v1/b/biddimarket-assets/o/160047-6309ec7d-4fbe-420a-bd58-7bd7b640f3e4.png?generation=1785765459624021&alt=media,اكسسوارات موبايل,https://biddimarket.ps/orders/category/شواحن/product/160047,
وصلة شاحن عريض اصلي,25.00,https://storage.googleapis.com/download/storage/v1/b/biddimarket-assets/o/160048-c2578109-3205-4024-887a-2ca374abea9f.png?generation=1785765563729816&alt=media,اكسسوارات موبايل,https://biddimarket.ps/orders/category/شواحن/product/160048,
سماعة تلفون ابرة,10.00,https://storage.googleapis.com/download/storage/v1/b/biddimarket-assets/o/290005-41cfb9e1-8096-4870-966a-75b9dd061585.png?generation=1785765659608227&alt=media,اكسسوارات موبايل,https://biddimarket.ps/orders/category/سماعات/product/290005,
سماعات بلوتوث,25.00,https://storage.googleapis.com/download/storage/v1/b/biddimarket-assets/o/290006-adc001e7-6731-44d1-bf6e-002a867ead56.png?generation=1785765757486437&alt=media,اكسسوارات موبايل,https://biddimarket.ps/orders/category/سماعات/product/290006,
وصلة شاحن ايفون,15.00,https://storage.googleapis.com/download/storage/v1/b/biddimarket-assets/o/160041-5cc3a060-30de-444d-8db1-397db872c34b.png?generation=1785766017102598&alt=media,اكسسوارات موبايل,https://biddimarket.ps/orders/category/شواحن/product/160041,
بون بون هدايا 450 غم,26.00,https://storage.googleapis.com/download/storage/v1/b/biddimarket-assets/o/10692-a83ad21e-7931-4e5b-b58e-1b8d8286f27b.png?generation=1785773225133817&alt=media,هدايا فاخرة,https://biddimarket.ps/orders/category/هدايا-فاخرة/product/10692,
علبة ماكينتوش بلاستيك550غم,30.00,https://storage.googleapis.com/download/storage/v1/b/biddimarket-assets/o/040497-4248f4fb-6fbc-4c42-afb1-3b1f2e42fb7a.png?generation=1785773143802792&alt=media,هدايا فاخرة,https://biddimarket.ps/orders/category/هدايا-فاخرة/product/040497,
شوكولاتة فديبو هدايا 225غم,15.00,https://storage.googleapis.com/download/storage/v1/b/biddimarket-assets/o/610133-77c4e755-2910-4129-b939-94f408deeaa7.png?generation=1785773500337340&alt=media,هدايا فاخرة,https://biddimarket.ps/orders/category/هدايا-فاخرة/product/610133,
ميرسي هدايا 675غم,65.00,https://storage.googleapis.com/download/storage/v1/b/biddimarket-assets/o/770039-12b7985b-57b2-4fce-9992-4b18e7edcec2.png?generation=1783551796651106&alt=media,هدايا فاخرة,https://biddimarket.ps/orders/category/هدايا-فاخرة/product/770039,
ميرسي هدايا 400 غم,34.00,https://storage.googleapis.com/download/storage/v1/b/biddimarket-assets/o/10146-93b128b5-8525-42e5-be6b-47d6ace50ba3.png?generation=1785773308351219&alt=media,هدايا فاخرة,https://biddimarket.ps/orders/category/هدايا-فاخرة/product/10146,
شوكولاتة رولانا شنتة هدايا,28.00,https://storage.googleapis.com/download/storage/v1/b/biddimarket-assets/o/040474-ad1e9243-8460-4625-80ef-293dd508383c.png?generation=1767721012174820&alt=media,هدايا فاخرة,https://biddimarket.ps/orders/category/هدايا-فاخرة/product/040474,
شوكولاتة فديبو هدايا سداسي 300غم,30.00,https://storage.googleapis.com/download/storage/v1/b/biddimarket-assets/o/610135-8a06e41f-ba90-43a8-a1f0-2e07a984f8de.png?generation=1785773396882934&alt=media,هدايا فاخرة,https://biddimarket.ps/orders/category/هدايا-فاخرة/product/610135,
شوكولاتة فديبو هدايا 300غم,25.00,https://storage.googleapis.com/download/storage/v1/b/biddimarket-assets/o/770023-404ca894-83a3-4439-885f-02d70de7e6b1.png?generation=1767721073434624&alt=media,هدايا فاخرة,https://biddimarket.ps/orders/category/هدايا-فاخرة/product/770023,
